[217月2026 21:47:27.430] [main/INFO] [cpw.mods.modlauncher.Launcher/MODLAUNCHER]: ModLauncher running: args [--launchTarget, forgedatauserdev, --assetIndex, 5, --assetsDir, C:\Users\Administrator\.gradle\caches\forge_gradle\assets, --gameDir, ., --fml.forgeVersion, 47.4.10, --fml.mcVersion, 1.20.1, --fml.forgeGroup, net.minecraftforge, --fml.mcpVersion, 20230612.114412, --mod, farmers_spell, --output, D:\Farmer's spell 'n spell book-1.20.1-Forge\Kaleidoscope ChineseFood-1.20.1-Forge\src\generated\resources, --existing, D:\Farmer's spell 'n spell book-1.20.1-Forge\Kaleidoscope ChineseFood-1.20.1-Forge\src\main\resources]
[217月2026 21:47:27.436] [main/INFO] [cpw.mods.modlauncher.Launcher/MODLAUNCHER]: ModLauncher 10.0.9+10.0.9+main.dcd20f30 starting: java version 17.0.17 by Microsoft; OS Windows 10 arch amd64 version 10.0
[217月2026 21:47:27.466] [main/DEBUG] [cpw.mods.modlauncher.LaunchServiceHandler/MODLAUNCHER]: Found launch services [fmlclientdev,forgeclient,minecraft,forgegametestserverdev,fmlserveruserdev,fmlclient,fmldatauserdev,forgeserverdev,forgeserveruserdev,forgeclientdev,forgeclientuserdev,forgeserver,forgedatadev,fmlserver,fmlclientuserdev,fmlserverdev,forgedatauserdev,testharness,forgegametestserveruserdev]
[217月2026 21:47:27.482] [main/DEBUG] [cpw.mods.modlauncher.NameMappingServiceHandler/MODLAUNCHER]: Found naming services : [srgtomcp]
[217月2026 21:47:27.498] [main/DEBUG] [cpw.mods.modlauncher.LaunchPluginHandler/MODLAUNCHER]: Found launch plugins: [mixin,eventbus,slf4jfixer,object_holder_definalize,runtime_enum_extender,capability_token_subclass,accesstransformer,runtimedistcleaner]
[217月2026 21:47:27.511] [main/DEBUG] [cpw.mods.modlauncher.TransformationServicesHandler/MODLAUNCHER]: Discovering transformation services
[217月2026 21:47:27.517] [main/DEBUG] [net.minecraftforge.fml.loading.FMLPaths/CORE]: Path GAMEDIR is D:\Farmer's spell 'n spell book-1.20.1-Forge\Kaleidoscope ChineseFood-1.20.1-Forge\run-data
[217月2026 21:47:27.517] [main/DEBUG] [net.minecraftforge.fml.loading.FMLPaths/CORE]: Path MODSDIR is D:\Farmer's spell 'n spell book-1.20.1-Forge\Kaleidoscope ChineseFood-1.20.1-Forge\run-data\mods
[217月2026 21:47:27.518] [main/DEBUG] [net.minecraftforge.fml.loading.FMLPaths/CORE]: Path CONFIGDIR is D:\Farmer's spell 'n spell book-1.20.1-Forge\Kaleidoscope ChineseFood-1.20.1-Forge\run-data\config
[217月2026 21:47:27.518] [main/DEBUG] [net.minecraftforge.fml.loading.FMLPaths/CORE]: Path FMLCONFIG is D:\Farmer's spell 'n spell book-1.20.1-Forge\Kaleidoscope ChineseFood-1.20.1-Forge\run-data\config\fml.toml
[217月2026 21:47:27.561] [main/DEBUG] [cpw.mods.modlauncher.TransformationServicesHandler/MODLAUNCHER]: Found additional transformation services from discovery services: 
[217月2026 21:47:27.567] [main/INFO] [net.minecraftforge.fml.loading.ImmediateWindowHandler/]: ImmediateWindowProvider not loading because launch target is forgedatauserdev
[217月2026 21:47:27.575] [main/DEBUG] [cpw.mods.modlauncher.TransformationServicesHandler/MODLAUNCHER]: Found transformer services : [mixin,fml]
[217月2026 21:47:27.575] [main/DEBUG] [cpw.mods.modlauncher.TransformationServicesHandler/MODLAUNCHER]: Transformation services loading
[217月2026 21:47:27.576] [main/DEBUG] [cpw.mods.modlauncher.TransformationServiceDecorator/MODLAUNCHER]: Loading service mixin
[217月2026 21:47:27.577] [main/DEBUG] [cpw.mods.modlauncher.TransformationServiceDecorator/MODLAUNCHER]: Loaded service mixin
[217月2026 21:47:27.577] [main/DEBUG] [cpw.mods.modlauncher.TransformationServiceDecorator/MODLAUNCHER]: Loading service fml
[217月2026 21:47:27.578] [main/DEBUG] [net.minecraftforge.fml.loading.LauncherVersion/CORE]: Found FMLLauncher version 1.0
[217月2026 21:47:27.579] [main/DEBUG] [net.minecraftforge.fml.loading.FMLLoader/CORE]: FML 1.0 loading
[217月2026 21:47:27.579] [main/DEBUG] [net.minecraftforge.fml.loading.FMLLoader/CORE]: FML found ModLauncher version : 10.0.9+10.0.9+main.dcd20f30
[217月2026 21:47:27.579] [main/DEBUG] [net.minecraftforge.fml.loading.FMLLoader/CORE]: Requesting CoreMods to not apply the fix for ASMAPI.findFirstInstructionBefore by default
[217月2026 21:47:27.580] [main/DEBUG] [net.minecraftforge.fml.loading.FMLLoader/CORE]: FML found AccessTransformer version : 8.0.4+66+master.c09db6d7
[217月2026 21:47:27.580] [main/DEBUG] [net.minecraftforge.fml.loading.FMLLoader/CORE]: FML found EventBus version : 6.0.5+6.0.5+master.eb8e549b
[217月2026 21:47:27.581] [main/DEBUG] [net.minecraftforge.fml.loading.FMLLoader/CORE]: Found Runtime Dist Cleaner
[217月2026 21:47:27.583] [main/DEBUG] [net.minecraftforge.coremod.CoreModEngine/]: CoreMods will preserve legacy behavior of ASMAPI.findFirstInstructionBefore for backwards-compatibility
[217月2026 21:47:27.583] [main/DEBUG] [net.minecraftforge.fml.loading.FMLLoader/CORE]: FML found CoreMod version : 5.2.4
[217月2026 21:47:27.584] [main/DEBUG] [net.minecraftforge.fml.loading.FMLLoader/CORE]: Found ForgeSPI package implementation version 7.0.1+7.0.1+master.d2b38bf6
[217月2026 21:47:27.584] [main/DEBUG] [net.minecraftforge.fml.loading.FMLLoader/CORE]: Found ForgeSPI package specification 5
[217月2026 21:47:27.584] [main/DEBUG] [cpw.mods.modlauncher.TransformationServiceDecorator/MODLAUNCHER]: Loaded service fml
[217月2026 21:47:27.585] [main/DEBUG] [cpw.mods.modlauncher.TransformationServicesHandler/MODLAUNCHER]: Configuring option handling for services
[217月2026 21:47:27.591] [main/DEBUG] [cpw.mods.modlauncher.TransformationServicesHandler/MODLAUNCHER]: Transformation services initializing
[217月2026 21:47:27.592] [main/DEBUG] [cpw.mods.modlauncher.TransformationServiceDecorator/MODLAUNCHER]: Initializing transformation service mixin
[217月2026 21:47:27.607] [main/DEBUG] [mixin/]: MixinService [ModLauncher] was successfully booted in cpw.mods.cl.ModuleClassLoader@48ae9b55
[217月2026 21:47:27.624] [main/INFO] [mixin/]: SpongePowered MIXIN Subsystem Version=0.8.5 Source=union:/C:/Users/Administrator/.gradle/caches/modules-2/files-2.1/org.spongepowered/mixin/0.8.5/9d1c0c3a304ae6697ecd477218fa61b850bf57fc/mixin-0.8.5.jar%23128!/ Service=ModLauncher Env=CLIENT
[217月2026 21:47:27.628] [main/DEBUG] [mixin/]: Initialising Mixin Platform Manager
[217月2026 21:47:27.628] [main/DEBUG] [mixin/]: Adding mixin platform agents for container ModLauncher Root Container(ModLauncher:4f56a0a2)
[217月2026 21:47:27.629] [main/DEBUG] [mixin/]: Instancing new MixinPlatformAgentMinecraftForge for ModLauncher Root Container(ModLauncher:4f56a0a2)
[217月2026 21:47:27.630] [main/DEBUG] [mixin/]: MixinPlatformAgentMinecraftForge rejected container ModLauncher Root Container(ModLauncher:4f56a0a2)
[217月2026 21:47:27.630] [main/DEBUG] [mixin/]: Instancing new MixinPlatformAgentDefault for ModLauncher Root Container(ModLauncher:4f56a0a2)
[217月2026 21:47:27.631] [main/DEBUG] [mixin/]: MixinPlatformAgentDefault accepted container ModLauncher Root Container(ModLauncher:4f56a0a2)
[217月2026 21:47:27.633] [main/DEBUG] [cpw.mods.modlauncher.TransformationServiceDecorator/MODLAUNCHER]: Initialized transformation service mixin
[217月2026 21:47:27.633] [main/DEBUG] [cpw.mods.modlauncher.TransformationServiceDecorator/MODLAUNCHER]: Initializing transformation service fml
[217月2026 21:47:27.634] [main/DEBUG] [net.minecraftforge.fml.loading.FMLServiceProvider/CORE]: Setting up basic FML game directories
[217月2026 21:47:27.634] [main/DEBUG] [net.minecraftforge.fml.loading.FMLPaths/CORE]: Path GAMEDIR is D:\Farmer's spell 'n spell book-1.20.1-Forge\Kaleidoscope ChineseFood-1.20.1-Forge\run-data
[217月2026 21:47:27.634] [main/DEBUG] [net.minecraftforge.fml.loading.FMLPaths/CORE]: Path MODSDIR is D:\Farmer's spell 'n spell book-1.20.1-Forge\Kaleidoscope ChineseFood-1.20.1-Forge\run-data\mods
[217月2026 21:47:27.635] [main/DEBUG] [net.minecraftforge.fml.loading.FMLPaths/CORE]: Path CONFIGDIR is D:\Farmer's spell 'n spell book-1.20.1-Forge\Kaleidoscope ChineseFood-1.20.1-Forge\run-data\config
[217月2026 21:47:27.635] [main/DEBUG] [net.minecraftforge.fml.loading.FMLPaths/CORE]: Path FMLCONFIG is D:\Farmer's spell 'n spell book-1.20.1-Forge\Kaleidoscope ChineseFood-1.20.1-Forge\run-data\config\fml.toml
[217月2026 21:47:27.635] [main/DEBUG] [net.minecraftforge.fml.loading.FMLServiceProvider/CORE]: Loading configuration
[217月2026 21:47:27.637] [main/DEBUG] [net.minecraftforge.fml.loading.FMLServiceProvider/CORE]: Preparing ModFile
[217月2026 21:47:27.640] [main/DEBUG] [net.minecraftforge.fml.loading.FMLServiceProvider/CORE]: Preparing launch handler
[217月2026 21:47:27.640] [main/DEBUG] [net.minecraftforge.fml.loading.FMLLoader/CORE]: Using forgedatauserdev as launch service
[217月2026 21:47:27.655] [main/DEBUG] [net.minecraftforge.fml.loading.FMLLoader/CORE]: Received command line version data  : VersionInfo[forgeVersion=47.4.10, mcVersion=1.20.1, mcpVersion=20230612.114412, forgeGroup=net.minecraftforge]
[217月2026 21:47:27.657] [main/DEBUG] [cpw.mods.modlauncher.TransformationServiceDecorator/MODLAUNCHER]: Initialized transformation service fml
[217月2026 21:47:27.658] [main/DEBUG] [cpw.mods.modlauncher.NameMappingServiceHandler/MODLAUNCHER]: Current naming domain is 'mcp'
[217月2026 21:47:27.659] [main/DEBUG] [cpw.mods.modlauncher.NameMappingServiceHandler/MODLAUNCHER]: Identified name mapping providers {srg=srgtomcp:1234}
[217月2026 21:47:27.659] [main/DEBUG] [cpw.mods.modlauncher.TransformationServicesHandler/MODLAUNCHER]: Transformation services begin scanning
[217月2026 21:47:27.660] [main/DEBUG] [cpw.mods.modlauncher.TransformationServiceDecorator/MODLAUNCHER]: Beginning scan trigger - transformation service mixin
[217月2026 21:47:27.660] [main/DEBUG] [cpw.mods.modlauncher.TransformationServiceDecorator/MODLAUNCHER]: End scan trigger - transformation service mixin
[217月2026 21:47:27.661] [main/DEBUG] [cpw.mods.modlauncher.TransformationServiceDecorator/MODLAUNCHER]: Beginning scan trigger - transformation service fml
[217月2026 21:47:27.661] [main/DEBUG] [net.minecraftforge.fml.loading.FMLServiceProvider/CORE]: Initiating mod scan
[217月2026 21:47:27.671] [main/DEBUG] [net.minecraftforge.fml.loading.moddiscovery.ModListHandler/CORE]: Found mod coordinates from lists: []
[217月2026 21:47:27.675] [main/DEBUG] [net.minecraftforge.fml.loading.moddiscovery.ModDiscoverer/CORE]: Found Mod Locators : (mods folder:null),(maven libs:null),(exploded directory:null),(minecraft:null),(userdev classpath:null)
[217月2026 21:47:27.675] [main/DEBUG] [net.minecraftforge.fml.loading.moddiscovery.ModDiscoverer/CORE]: Found Dependency Locators : (JarInJar:null)
[217月2026 21:47:27.681] [main/DEBUG] [net.minecraftforge.fml.loading.targets.CommonLaunchHandler/CORE]: Got mod coordinates farmers_spell%%D:\Farmer's spell 'n spell book-1.20.1-Forge\Kaleidoscope ChineseFood-1.20.1-Forge\build\resources\main;farmers_spell%%D:\Farmer's spell 'n spell book-1.20.1-Forge\Kaleidoscope ChineseFood-1.20.1-Forge\build\classes\java\main from env
[217月2026 21:47:27.683] [main/DEBUG] [net.minecraftforge.fml.loading.targets.CommonLaunchHandler/CORE]: Found supplied mod coordinates [{farmers_spell=[D:\Farmer's spell 'n spell book-1.20.1-Forge\Kaleidoscope ChineseFood-1.20.1-Forge\build\resources\main, D:\Farmer's spell 'n spell book-1.20.1-Forge\Kaleidoscope ChineseFood-1.20.1-Forge\build\classes\java\main]}]
[217月2026 21:47:27.990] [main/DEBUG] [net.minecraftforge.fml.loading.moddiscovery.ModFileInfo/LOADING]: Found valid mod file forge-1.20.1-47.4.10_mapped_official_1.20.1-recomp.jar with {minecraft} mods - versions {1.20.1}
[217月2026 21:47:27.994] [main/DEBUG] [net.minecraftforge.fml.loading.moddiscovery.ModFileParser/LOADING]: Considering mod file candidate C:\Users\Administrator\.gradle\caches\modules-2\files-2.1\net.minecraftforge\javafmllanguage\1.20.1-47.4.10\ccc533c7dd67e0983217197d7549c8b49e7ab453\javafmllanguage-1.20.1-47.4.10.jar
[217月2026 21:47:27.995] [main/WARN] [net.minecraftforge.fml.loading.moddiscovery.ModFileParser/LOADING]: Mod file C:\Users\Administrator\.gradle\caches\modules-2\files-2.1\net.minecraftforge\javafmllanguage\1.20.1-47.4.10\ccc533c7dd67e0983217197d7549c8b49e7ab453\javafmllanguage-1.20.1-47.4.10.jar is missing mods.toml file
[217月2026 21:47:27.998] [main/DEBUG] [net.minecraftforge.fml.loading.moddiscovery.ModFileParser/LOADING]: Considering mod file candidate C:\Users\Administrator\.gradle\caches\modules-2\files-2.1\net.minecraftforge\lowcodelanguage\1.20.1-47.4.10\e9a2879fe3612ea34b9728ec2633304a1e67d480\lowcodelanguage-1.20.1-47.4.10.jar
[217月2026 21:47:27.998] [main/WARN] [net.minecraftforge.fml.loading.moddiscovery.ModFileParser/LOADING]: Mod file C:\Users\Administrator\.gradle\caches\modules-2\files-2.1\net.minecraftforge\lowcodelanguage\1.20.1-47.4.10\e9a2879fe3612ea34b9728ec2633304a1e67d480\lowcodelanguage-1.20.1-47.4.10.jar is missing mods.toml file
[217月2026 21:47:28.001] [main/DEBUG] [net.minecraftforge.fml.loading.moddiscovery.ModFileParser/LOADING]: Considering mod file candidate C:\Users\Administrator\.gradle\caches\modules-2\files-2.1\net.minecraftforge\mclanguage\1.20.1-47.4.10\ec5cefbbc65c67302b8fac317010faab85fa14b9\mclanguage-1.20.1-47.4.10.jar
[217月2026 21:47:28.001] [main/WARN] [net.minecraftforge.fml.loading.moddiscovery.ModFileParser/LOADING]: Mod file C:\Users\Administrator\.gradle\caches\modules-2\files-2.1\net.minecraftforge\mclanguage\1.20.1-47.4.10\ec5cefbbc65c67302b8fac317010faab85fa14b9\mclanguage-1.20.1-47.4.10.jar is missing mods.toml file
[217月2026 21:47:28.007] [main/DEBUG] [net.minecraftforge.fml.loading.moddiscovery.ModFileParser/LOADING]: Considering mod file candidate C:\Users\Administrator\.gradle\caches\modules-2\files-2.1\net.minecraftforge\fmlcore\1.20.1-47.4.10\94dae566be650566ea9115a1414ab76bfcf5a804\fmlcore-1.20.1-47.4.10.jar
[217月2026 21:47:28.007] [main/WARN] [net.minecraftforge.fml.loading.moddiscovery.ModFileParser/LOADING]: Mod file C:\Users\Administrator\.gradle\caches\modules-2\files-2.1\net.minecraftforge\fmlcore\1.20.1-47.4.10\94dae566be650566ea9115a1414ab76bfcf5a804\fmlcore-1.20.1-47.4.10.jar is missing mods.toml file
[217月2026 21:47:28.011] [main/DEBUG] [net.minecraftforge.fml.loading.moddiscovery.ModFileParser/LOADING]: Considering mod file candidate D:\Farmer's spell 'n spell book-1.20.1-Forge\Kaleidoscope ChineseFood-1.20.1-Forge\build\resources\main
[217月2026 21:47:28.019] [main/DEBUG] [net.minecraftforge.fml.loading.moddiscovery.ModFileInfo/LOADING]: Found valid mod file main with {farmers_spell} mods - versions {1.0.0-BETA-1.20.1}
[217月2026 21:47:28.022] [main/DEBUG] [net.minecraftforge.fml.loading.moddiscovery.ModFileParser/LOADING]: Considering mod file candidate /
[217月2026 21:47:28.025] [main/DEBUG] [net.minecraftforge.fml.loading.moddiscovery.ModFileInfo/LOADING]: Found valid mod file  with {forge} mods - versions {47.4.10}
[217月2026 21:47:28.048] [main/DEBUG] [net.minecraftforge.fml.loading.moddiscovery.ModFileParser/LOADING]: Considering mod file candidate C:\Users\Administrator\.gradle\caches\forge_gradle\deobf_dependencies\curse\maven\kaleidoscope-cookery-1309203\7473809_mapped_official_1.20.1\kaleidoscope-cookery-1309203-7473809_mapped_official_1.20.1.jar
[217月2026 21:47:28.049] [main/DEBUG] [net.minecraftforge.fml.loading.moddiscovery.ModFileInfo/LOADING]: Found valid mod file kaleidoscope-cookery-1309203-7473809_mapped_official_1.20.1.jar with {kaleidoscope_cookery} mods - versions {1.2.0-forge+mc1.20.1}
[217月2026 21:47:28.054] [main/DEBUG] [net.minecraftforge.fml.loading.moddiscovery.ModFileParser/LOADING]: Considering mod file candidate C:\Users\Administrator\.gradle\caches\forge_gradle\deobf_dependencies\curse\maven\jei-238222\7361881_mapped_official_1.20.1\jei-238222-7361881_mapped_official_1.20.1.jar
[217月2026 21:47:28.055] [main/DEBUG] [net.minecraftforge.fml.loading.moddiscovery.ModFileInfo/LOADING]: Found valid mod file jei-238222-7361881_mapped_official_1.20.1.jar with {jei} mods - versions {15.20.0.128}
[217月2026 21:47:28.061] [main/DEBUG] [net.minecraftforge.fml.loading.moddiscovery.ModFileParser/LOADING]: Considering mod file candidate C:\Users\Administrator\.gradle\caches\forge_gradle\deobf_dependencies\curse\maven\jade-324717\6855440_mapped_official_1.20.1\jade-324717-6855440_mapped_official_1.20.1.jar
[217月2026 21:47:28.068] [main/DEBUG] [net.minecraftforge.fml.loading.moddiscovery.ModFileInfo/LOADING]: Found valid mod file jade-324717-6855440_mapped_official_1.20.1.jar with {jade} mods - versions {11.13.2+forge}
[217月2026 21:47:28.072] [main/DEBUG] [net.minecraftforge.fml.loading.moddiscovery.ModFileParser/LOADING]: Considering mod file candidate C:\Users\Administrator\.gradle\caches\forge_gradle\deobf_dependencies\curse\maven\just-enough-effect-descriptions-jeed-532286\6172935_mapped_official_1.20.1\just-enough-effect-descriptions-jeed-532286-6172935_mapped_official_1.20.1.jar
[217月2026 21:47:28.073] [main/DEBUG] [net.minecraftforge.fml.loading.moddiscovery.ModFileInfo/LOADING]: Found valid mod file just-enough-effect-descriptions-jeed-532286-6172935_mapped_official_1.20.1.jar with {jeed} mods - versions {1.20-2.2.5}
[217月2026 21:47:28.076] [main/DEBUG] [net.minecraftforge.fml.loading.moddiscovery.ModFileParser/LOADING]: Considering mod file candidate C:\Users\Administrator\.gradle\caches\forge_gradle\deobf_dependencies\curse\maven\appleskin-248787\4770828_mapped_official_1.20.1\appleskin-248787-4770828_mapped_official_1.20.1.jar
[217月2026 21:47:28.078] [main/DEBUG] [net.minecraftforge.fml.loading.moddiscovery.ModFileInfo/LOADING]: Found valid mod file appleskin-248787-4770828_mapped_official_1.20.1.jar with {appleskin} mods - versions {2.5.1+mc1.20.1}
[217月2026 21:47:28.081] [main/DEBUG] [net.minecraftforge.fml.loading.moddiscovery.ModFileParser/LOADING]: Considering mod file candidate C:\Users\Administrator\.gradle\caches\forge_gradle\deobf_dependencies\curse\maven\embeddium-908741\5681725_mapped_official_1.20.1\embeddium-908741-5681725_mapped_official_1.20.1.jar
[217月2026 21:47:28.083] [main/DEBUG] [net.minecraftforge.fml.loading.moddiscovery.ModFileInfo/LOADING]: Found valid mod file embeddium-908741-5681725_mapped_official_1.20.1.jar with {embeddium,rubidium} mods - versions {0.3.31+mc1.20.1,0.7.1}
[217月2026 21:47:28.087] [main/DEBUG] [net.minecraftforge.fml.loading.moddiscovery.ModFileParser/LOADING]: Considering mod file candidate C:\Users\Administrator\.gradle\caches\forge_gradle\deobf_dependencies\curse\maven\farmers-delight-398521\8083474_mapped_official_1.20.1\farmers-delight-398521-8083474_mapped_official_1.20.1.jar
[217月2026 21:47:28.088] [main/DEBUG] [net.minecraftforge.fml.loading.moddiscovery.ModFileInfo/LOADING]: Found valid mod file farmers-delight-398521-8083474_mapped_official_1.20.1.jar with {farmersdelight} mods - versions {1.20.1-1.3.2}
[217月2026 21:47:28.093] [main/DEBUG] [net.minecraftforge.fml.loading.moddiscovery.ModFileParser/LOADING]: Considering mod file candidate C:\Users\Administrator\.gradle\caches\forge_gradle\deobf_dependencies\curse\maven\irons-spellbooks-855414\8364933_mapped_official_1.20.1\irons-spellbooks-855414-8364933_mapped_official_1.20.1.jar
[217月2026 21:47:28.094] [main/DEBUG] [net.minecraftforge.fml.loading.moddiscovery.ModFileInfo/LOADING]: Found valid mod file irons-spellbooks-855414-8364933_mapped_official_1.20.1.jar with {irons_spellbooks} mods - versions {1.20.1-3.16.2}
[217月2026 21:47:28.097] [main/DEBUG] [net.minecraftforge.fml.loading.moddiscovery.ModFileParser/LOADING]: Considering mod file candidate C:\Users\Administrator\.gradle\caches\forge_gradle\deobf_dependencies\curse\maven\curios-forge-309927\6418456_mapped_official_1.20.1\curios-forge-309927-6418456_mapped_official_1.20.1.jar
[217月2026 21:47:28.098] [main/DEBUG] [net.minecraftforge.fml.loading.moddiscovery.ModFileInfo/LOADING]: Found valid mod file curios-forge-309927-6418456_mapped_official_1.20.1.jar with {curios} mods - versions {5.14.1+1.20.1}
[217月2026 21:47:28.101] [main/DEBUG] [net.minecraftforge.fml.loading.moddiscovery.ModFileParser/LOADING]: Considering mod file candidate C:\Users\Administrator\.gradle\caches\forge_gradle\deobf_dependencies\curse\maven\irons-lib-1492763\8364892_mapped_official_1.20.1\irons-lib-1492763-8364892_mapped_official_1.20.1.jar
[217月2026 21:47:28.102] [main/DEBUG] [net.minecraftforge.fml.loading.moddiscovery.ModFileInfo/LOADING]: Found valid mod file irons-lib-1492763-8364892_mapped_official_1.20.1.jar with {irons_lib} mods - versions {1.20.1-2.1.0}
[217月2026 21:47:28.105] [main/DEBUG] [net.minecraftforge.fml.loading.moddiscovery.ModFileParser/LOADING]: Considering mod file candidate C:\Users\Administrator\.gradle\caches\forge_gradle\deobf_dependencies\curse\maven\geckolib-forge-388172\8285794_mapped_official_1.20.1\geckolib-forge-388172-8285794_mapped_official_1.20.1.jar
[217月2026 21:47:28.106] [main/DEBUG] [net.minecraftforge.fml.loading.moddiscovery.ModFileInfo/LOADING]: Found valid mod file geckolib-forge-388172-8285794_mapped_official_1.20.1.jar with {geckolib} mods - versions {4.8.4}
[217月2026 21:47:28.108] [main/DEBUG] [net.minecraftforge.fml.loading.moddiscovery.ModFileParser/LOADING]: Considering mod file candidate C:\Users\Administrator\.gradle\caches\forge_gradle\deobf_dependencies\curse\maven\player-animation-lib-forge-658587\4587214_mapped_official_1.20.1\player-animation-lib-forge-658587-4587214_mapped_official_1.20.1.jar
[217月2026 21:47:28.109] [main/DEBUG] [net.minecraftforge.fml.loading.moddiscovery.ModFileInfo/LOADING]: Found valid mod file player-animation-lib-forge-658587-4587214_mapped_official_1.20.1.jar with {playeranimator} mods - versions {1.0.2-rc1+1.20}
[217月2026 21:47:28.112] [main/DEBUG] [net.minecraftforge.fml.loading.moddiscovery.ModFileParser/LOADING]: Considering mod file candidate C:\Users\Administrator\.gradle\caches\forge_gradle\deobf_dependencies\curse\maven\rhino-forge-416294\6186971_mapped_official_1.20.1\rhino-forge-416294-6186971_mapped_official_1.20.1.jar
[217月2026 21:47:28.113] [main/DEBUG] [net.minecraftforge.fml.loading.moddiscovery.ModFileInfo/LOADING]: Found valid mod file rhino-forge-416294-6186971_mapped_official_1.20.1.jar with {rhino} mods - versions {2001.2.3-build.10}
[217月2026 21:47:28.115] [main/DEBUG] [net.minecraftforge.fml.loading.moddiscovery.ModFileParser/LOADING]: Considering mod file candidate C:\Users\Administrator\.gradle\caches\forge_gradle\deobf_dependencies\curse\maven\architectury-419699\5137938_mapped_official_1.20.1\architectury-419699-5137938_mapped_official_1.20.1.jar
[217月2026 21:47:28.116] [main/DEBUG] [net.minecraftforge.fml.loading.moddiscovery.ModFileInfo/LOADING]: Found valid mod file architectury-419699-5137938_mapped_official_1.20.1.jar with {architectury} mods - versions {9.2.14}
[217月2026 21:47:28.120] [main/DEBUG] [net.minecraftforge.fml.loading.moddiscovery.ModFileParser/LOADING]: Considering mod file candidate C:\Users\Administrator\.gradle\caches\forge_gradle\deobf_dependencies\curse\maven\kaleidoscope-cookery-1309203\7473809_mapped_official_1.20.1\kaleidoscope-cookery-1309203-7473809_mapped_official_1.20.1.jar
[217月2026 21:47:28.121] [main/DEBUG] [net.minecraftforge.fml.loading.moddiscovery.ModFileInfo/LOADING]: Found valid mod file kaleidoscope-cookery-1309203-7473809_mapped_official_1.20.1.jar with {kaleidoscope_cookery} mods - versions {1.2.0-forge+mc1.20.1}
[217月2026 21:47:28.124] [main/DEBUG] [net.minecraftforge.fml.loading.moddiscovery.ModFileParser/LOADING]: Considering mod file candidate C:\Users\Administrator\.gradle\caches\forge_gradle\deobf_dependencies\curse\maven\jei-238222\7361881_mapped_official_1.20.1\jei-238222-7361881_mapped_official_1.20.1.jar
[217月2026 21:47:28.124] [main/DEBUG] [net.minecraftforge.fml.loading.moddiscovery.ModFileInfo/LOADING]: Found valid mod file jei-238222-7361881_mapped_official_1.20.1.jar with {jei} mods - versions {15.20.0.128}
[217月2026 21:47:28.127] [main/DEBUG] [net.minecraftforge.fml.loading.moddiscovery.ModFileParser/LOADING]: Considering mod file candidate C:\Users\Administrator\.gradle\caches\forge_gradle\deobf_dependencies\curse\maven\jade-324717\6855440_mapped_official_1.20.1\jade-324717-6855440_mapped_official_1.20.1.jar
[217月2026 21:47:28.128] [main/DEBUG] [net.minecraftforge.fml.loading.moddiscovery.ModFileInfo/LOADING]: Found valid mod file jade-324717-6855440_mapped_official_1.20.1.jar with {jade} mods - versions {11.13.2+forge}
[217月2026 21:47:28.131] [main/DEBUG] [net.minecraftforge.fml.loading.moddiscovery.ModFileParser/LOADING]: Considering mod file candidate C:\Users\Administrator\.gradle\caches\forge_gradle\deobf_dependencies\curse\maven\just-enough-effect-descriptions-jeed-532286\6172935_mapped_official_1.20.1\just-enough-effect-descriptions-jeed-532286-6172935_mapped_official_1.20.1.jar
[217月2026 21:47:28.131] [main/DEBUG] [net.minecraftforge.fml.loading.moddiscovery.ModFileInfo/LOADING]: Found valid mod file just-enough-effect-descriptions-jeed-532286-6172935_mapped_official_1.20.1.jar with {jeed} mods - versions {1.20-2.2.5}
[217月2026 21:47:28.134] [main/DEBUG] [net.minecraftforge.fml.loading.moddiscovery.ModFileParser/LOADING]: Considering mod file candidate C:\Users\Administrator\.gradle\caches\forge_gradle\deobf_dependencies\curse\maven\appleskin-248787\4770828_mapped_official_1.20.1\appleskin-248787-4770828_mapped_official_1.20.1.jar
[217月2026 21:47:28.135] [main/DEBUG] [net.minecraftforge.fml.loading.moddiscovery.ModFileInfo/LOADING]: Found valid mod file appleskin-248787-4770828_mapped_official_1.20.1.jar with {appleskin} mods - versions {2.5.1+mc1.20.1}
[217月2026 21:47:28.139] [main/DEBUG] [net.minecraftforge.fml.loading.moddiscovery.ModFileParser/LOADING]: Considering mod file candidate C:\Users\Administrator\.gradle\caches\forge_gradle\deobf_dependencies\curse\maven\embeddium-908741\5681725_mapped_official_1.20.1\embeddium-908741-5681725_mapped_official_1.20.1.jar
[217月2026 21:47:28.140] [main/DEBUG] [net.minecraftforge.fml.loading.moddiscovery.ModFileInfo/LOADING]: Found valid mod file embeddium-908741-5681725_mapped_official_1.20.1.jar with {embeddium,rubidium} mods - versions {0.3.31+mc1.20.1,0.7.1}
[217月2026 21:47:28.144] [main/DEBUG] [net.minecraftforge.fml.loading.moddiscovery.ModFileParser/LOADING]: Considering mod file candidate C:\Users\Administrator\.gradle\caches\forge_gradle\deobf_dependencies\curse\maven\farmers-delight-398521\8083474_mapped_official_1.20.1\farmers-delight-398521-8083474_mapped_official_1.20.1.jar
[217月2026 21:47:28.145] [main/DEBUG] [net.minecraftforge.fml.loading.moddiscovery.ModFileInfo/LOADING]: Found valid mod file farmers-delight-398521-8083474_mapped_official_1.20.1.jar with {farmersdelight} mods - versions {1.20.1-1.3.2}
[217月2026 21:47:28.150] [main/DEBUG] [net.minecraftforge.fml.loading.moddiscovery.ModFileParser/LOADING]: Considering mod file candidate C:\Users\Administrator\.gradle\caches\forge_gradle\deobf_dependencies\curse\maven\irons-spellbooks-855414\8364933_mapped_official_1.20.1\irons-spellbooks-855414-8364933_mapped_official_1.20.1.jar
[217月2026 21:47:28.152] [main/DEBUG] [net.minecraftforge.fml.loading.moddiscovery.ModFileInfo/LOADING]: Found valid mod file irons-spellbooks-855414-8364933_mapped_official_1.20.1.jar with {irons_spellbooks} mods - versions {1.20.1-3.16.2}
[217月2026 21:47:28.155] [main/DEBUG] [net.minecraftforge.fml.loading.moddiscovery.ModFileParser/LOADING]: Considering mod file candidate C:\Users\Administrator\.gradle\caches\forge_gradle\deobf_dependencies\curse\maven\curios-forge-309927\6418456_mapped_official_1.20.1\curios-forge-309927-6418456_mapped_official_1.20.1.jar
[217月2026 21:47:28.156] [main/DEBUG] [net.minecraftforge.fml.loading.moddiscovery.ModFileInfo/LOADING]: Found valid mod file curios-forge-309927-6418456_mapped_official_1.20.1.jar with {curios} mods - versions {5.14.1+1.20.1}
[217月2026 21:47:28.159] [main/DEBUG] [net.minecraftforge.fml.loading.moddiscovery.ModFileParser/LOADING]: Considering mod file candidate C:\Users\Administrator\.gradle\caches\forge_gradle\deobf_dependencies\curse\maven\irons-lib-1492763\8364892_mapped_official_1.20.1\irons-lib-1492763-8364892_mapped_official_1.20.1.jar
[217月2026 21:47:28.160] [main/DEBUG] [net.minecraftforge.fml.loading.moddiscovery.ModFileInfo/LOADING]: Found valid mod file irons-lib-1492763-8364892_mapped_official_1.20.1.jar with {irons_lib} mods - versions {1.20.1-2.1.0}
[217月2026 21:47:28.163] [main/DEBUG] [net.minecraftforge.fml.loading.moddiscovery.ModFileParser/LOADING]: Considering mod file candidate C:\Users\Administrator\.gradle\caches\forge_gradle\deobf_dependencies\curse\maven\geckolib-forge-388172\8285794_mapped_official_1.20.1\geckolib-forge-388172-8285794_mapped_official_1.20.1.jar
[217月2026 21:47:28.164] [main/DEBUG] [net.minecraftforge.fml.loading.moddiscovery.ModFileInfo/LOADING]: Found valid mod file geckolib-forge-388172-8285794_mapped_official_1.20.1.jar with {geckolib} mods - versions {4.8.4}
[217月2026 21:47:28.167] [main/DEBUG] [net.minecraftforge.fml.loading.moddiscovery.ModFileParser/LOADING]: Considering mod file candidate C:\Users\Administrator\.gradle\caches\forge_gradle\deobf_dependencies\curse\maven\player-animation-lib-forge-658587\4587214_mapped_official_1.20.1\player-animation-lib-forge-658587-4587214_mapped_official_1.20.1.jar
[217月2026 21:47:28.168] [main/DEBUG] [net.minecraftforge.fml.loading.moddiscovery.ModFileInfo/LOADING]: Found valid mod file player-animation-lib-forge-658587-4587214_mapped_official_1.20.1.jar with {playeranimator} mods - versions {1.0.2-rc1+1.20}
[217月2026 21:47:28.171] [main/DEBUG] [net.minecraftforge.fml.loading.moddiscovery.ModFileParser/LOADING]: Considering mod file candidate C:\Users\Administrator\.gradle\caches\forge_gradle\deobf_dependencies\curse\maven\rhino-forge-416294\6186971_mapped_official_1.20.1\rhino-forge-416294-6186971_mapped_official_1.20.1.jar
[217月2026 21:47:28.172] [main/DEBUG] [net.minecraftforge.fml.loading.moddiscovery.ModFileInfo/LOADING]: Found valid mod file rhino-forge-416294-6186971_mapped_official_1.20.1.jar with {rhino} mods - versions {2001.2.3-build.10}
[217月2026 21:47:28.175] [main/DEBUG] [net.minecraftforge.fml.loading.moddiscovery.ModFileParser/LOADING]: Considering mod file candidate C:\Users\Administrator\.gradle\caches\forge_gradle\deobf_dependencies\curse\maven\architectury-419699\5137938_mapped_official_1.20.1\architectury-419699-5137938_mapped_official_1.20.1.jar
[217月2026 21:47:28.175] [main/DEBUG] [net.minecraftforge.fml.loading.moddiscovery.ModFileInfo/LOADING]: Found valid mod file architectury-419699-5137938_mapped_official_1.20.1.jar with {architectury} mods - versions {9.2.14}
[217月2026 21:47:28.181] [main/DEBUG] [net.minecraftforge.fml.loading.UniqueModListBuilder/]: Found 2 mods for first modid irons_spellbooks, selecting most recent based on version data
[217月2026 21:47:28.182] [main/DEBUG] [net.minecraftforge.fml.loading.UniqueModListBuilder/]: Selected file irons-spellbooks-855414-8364933_mapped_official_1.20.1.jar for modid irons_spellbooks with version 1.20.1-3.16.2
[217月2026 21:47:28.182] [main/DEBUG] [net.minecraftforge.fml.loading.UniqueModListBuilder/]: Found 2 mods for first modid farmersdelight, selecting most recent based on version data
[217月2026 21:47:28.182] [main/DEBUG] [net.minecraftforge.fml.loading.UniqueModListBuilder/]: Selected file farmers-delight-398521-8083474_mapped_official_1.20.1.jar for modid farmersdelight with version 1.20.1-1.3.2
[217月2026 21:47:28.182] [main/DEBUG] [net.minecraftforge.fml.loading.UniqueModListBuilder/]: Found 2 mods for first modid rhino, selecting most recent based on version data
[217月2026 21:47:28.182] [main/DEBUG] [net.minecraftforge.fml.loading.UniqueModListBuilder/]: Selected file rhino-forge-416294-6186971_mapped_official_1.20.1.jar for modid rhino with version 2001.2.3-build.10
[217月2026 21:47:28.183] [main/DEBUG] [net.minecraftforge.fml.loading.UniqueModListBuilder/]: Found 2 mods for first modid jade, selecting most recent based on version data
[217月2026 21:47:28.183] [main/DEBUG] [net.minecraftforge.fml.loading.UniqueModListBuilder/]: Selected file jade-324717-6855440_mapped_official_1.20.1.jar for modid jade with version 11.13.2+forge
[217月2026 21:47:28.183] [main/DEBUG] [net.minecraftforge.fml.loading.UniqueModListBuilder/]: Found 2 mods for first modid geckolib, selecting most recent based on version data
[217月2026 21:47:28.183] [main/DEBUG] [net.minecraftforge.fml.loading.UniqueModListBuilder/]: Selected file geckolib-forge-388172-8285794_mapped_official_1.20.1.jar for modid geckolib with version 4.8.4
[217月2026 21:47:28.183] [main/DEBUG] [net.minecraftforge.fml.loading.UniqueModListBuilder/]: Found 2 mods for first modid architectury, selecting most recent based on version data
[217月2026 21:47:28.183] [main/DEBUG] [net.minecraftforge.fml.loading.UniqueModListBuilder/]: Selected file architectury-419699-5137938_mapped_official_1.20.1.jar for modid architectury with version 9.2.14
[217月2026 21:47:28.183] [main/DEBUG] [net.minecraftforge.fml.loading.UniqueModListBuilder/]: Found 2 mods for first modid appleskin, selecting most recent based on version data
[217月2026 21:47:28.183] [main/DEBUG] [net.minecraftforge.fml.loading.UniqueModListBuilder/]: Selected file appleskin-248787-4770828_mapped_official_1.20.1.jar for modid appleskin with version 2.5.1+mc1.20.1
[217月2026 21:47:28.184] [main/DEBUG] [net.minecraftforge.fml.loading.UniqueModListBuilder/]: Found 2 mods for first modid jeed, selecting most recent based on version data
[217月2026 21:47:28.184] [main/DEBUG] [net.minecraftforge.fml.loading.UniqueModListBuilder/]: Selected file just-enough-effect-descriptions-jeed-532286-6172935_mapped_official_1.20.1.jar for modid jeed with version 1.20-2.2.5
[217月2026 21:47:28.184] [main/DEBUG] [net.minecraftforge.fml.loading.UniqueModListBuilder/]: Found 2 mods for first modid playeranimator, selecting most recent based on version data
[217月2026 21:47:28.184] [main/DEBUG] [net.minecraftforge.fml.loading.UniqueModListBuilder/]: Selected file player-animation-lib-forge-658587-4587214_mapped_official_1.20.1.jar for modid playeranimator with version 1.0.2-rc1+1.20
[217月2026 21:47:28.184] [main/DEBUG] [net.minecraftforge.fml.loading.UniqueModListBuilder/]: Found 2 mods for first modid jei, selecting most recent based on version data
[217月2026 21:47:28.184] [main/DEBUG] [net.minecraftforge.fml.loading.UniqueModListBuilder/]: Selected file jei-238222-7361881_mapped_official_1.20.1.jar for modid jei with version 15.20.0.128
[217月2026 21:47:28.184] [main/DEBUG] [net.minecraftforge.fml.loading.UniqueModListBuilder/]: Found 2 mods for first modid irons_lib, selecting most recent based on version data
[217月2026 21:47:28.184] [main/DEBUG] [net.minecraftforge.fml.loading.UniqueModListBuilder/]: Selected file irons-lib-1492763-8364892_mapped_official_1.20.1.jar for modid irons_lib with version 1.20.1-2.1.0
[217月2026 21:47:28.184] [main/DEBUG] [net.minecraftforge.fml.loading.UniqueModListBuilder/]: Found 2 mods for first modid kaleidoscope_cookery, selecting most recent based on version data
[217月2026 21:47:28.184] [main/DEBUG] [net.minecraftforge.fml.loading.UniqueModListBuilder/]: Selected file kaleidoscope-cookery-1309203-7473809_mapped_official_1.20.1.jar for modid kaleidoscope_cookery with version 1.2.0-forge+mc1.20.1
[217月2026 21:47:28.185] [main/DEBUG] [net.minecraftforge.fml.loading.UniqueModListBuilder/]: Found 2 mods for first modid curios, selecting most recent based on version data
[217月2026 21:47:28.185] [main/DEBUG] [net.minecraftforge.fml.loading.UniqueModListBuilder/]: Selected file curios-forge-309927-6418456_mapped_official_1.20.1.jar for modid curios with version 5.14.1+1.20.1
[217月2026 21:47:28.185] [main/DEBUG] [net.minecraftforge.fml.loading.UniqueModListBuilder/]: Found 2 mods for first modid embeddium, selecting most recent based on version data
[217月2026 21:47:28.185] [main/DEBUG] [net.minecraftforge.fml.loading.UniqueModListBuilder/]: Selected file embeddium-908741-5681725_mapped_official_1.20.1.jar for modid embeddium with version 0.3.31+mc1.20.1
[217月2026 21:47:28.192] [main/DEBUG] [net.minecraftforge.fml.loading.moddiscovery.AbstractJarFileDependencyLocator/]: Failed to load resource META-INF\jarjar\metadata.json from irons-spellbooks-855414-8364933_mapped_official_1.20.1.jar, it does not contain dependency information.
[217月2026 21:47:28.192] [main/DEBUG] [net.minecraftforge.fml.loading.moddiscovery.AbstractJarFileDependencyLocator/]: Failed to load resource META-INF\jarjar\metadata.json from forge-1.20.1-47.4.10_mapped_official_1.20.1-recomp.jar, it does not contain dependency information.
[217月2026 21:47:28.193] [main/DEBUG] [net.minecraftforge.fml.loading.moddiscovery.AbstractJarFileDependencyLocator/]: Failed to load resource META-INF\jarjar\metadata.json from main, it does not contain dependency information.
[217月2026 21:47:28.193] [main/DEBUG] [net.minecraftforge.fml.loading.moddiscovery.AbstractJarFileDependencyLocator/]: Failed to load resource META-INF\jarjar\metadata.json from rhino-forge-416294-6186971_mapped_official_1.20.1.jar, it does not contain dependency information.
[217月2026 21:47:28.193] [main/DEBUG] [net.minecraftforge.fml.loading.moddiscovery.AbstractJarFileDependencyLocator/]: Failed to load resource META-INF\jarjar\metadata.json from jade-324717-6855440_mapped_official_1.20.1.jar, it does not contain dependency information.
[217月2026 21:47:28.193] [main/DEBUG] [net.minecraftforge.fml.loading.moddiscovery.AbstractJarFileDependencyLocator/]: Failed to load resource META-INF\jarjar\metadata.json from architectury-419699-5137938_mapped_official_1.20.1.jar, it does not contain dependency information.
[217月2026 21:47:28.193] [main/DEBUG] [net.minecraftforge.fml.loading.moddiscovery.AbstractJarFileDependencyLocator/]: Failed to load resource META-INF\jarjar\metadata.json from appleskin-248787-4770828_mapped_official_1.20.1.jar, it does not contain dependency information.
[217月2026 21:47:28.194] [main/DEBUG] [net.minecraftforge.fml.loading.moddiscovery.AbstractJarFileDependencyLocator/]: Failed to load resource META-INF\jarjar\metadata.json from just-enough-effect-descriptions-jeed-532286-6172935_mapped_official_1.20.1.jar, it does not contain dependency information.
[217月2026 21:47:28.194] [main/DEBUG] [net.minecraftforge.fml.loading.moddiscovery.AbstractJarFileDependencyLocator/]: Failed to load resource META-INF\jarjar\metadata.json from player-animation-lib-forge-658587-4587214_mapped_official_1.20.1.jar, it does not contain dependency information.
[217月2026 21:47:28.194] [main/DEBUG] [net.minecraftforge.fml.loading.moddiscovery.AbstractJarFileDependencyLocator/]: Failed to load resource META-INF\jarjar\metadata.json from jei-238222-7361881_mapped_official_1.20.1.jar, it does not contain dependency information.
[217月2026 21:47:28.194] [main/DEBUG] [net.minecraftforge.fml.loading.moddiscovery.AbstractJarFileDependencyLocator/]: Failed to load resource META-INF\jarjar\metadata.json from irons-lib-1492763-8364892_mapped_official_1.20.1.jar, it does not contain dependency information.
[217月2026 21:47:28.194] [main/DEBUG] [net.minecraftforge.fml.loading.moddiscovery.AbstractJarFileDependencyLocator/]: Failed to load resource META-INF\jarjar\metadata.json from kaleidoscope-cookery-1309203-7473809_mapped_official_1.20.1.jar, it does not contain dependency information.
[217月2026 21:47:28.194] [main/DEBUG] [net.minecraftforge.fml.loading.moddiscovery.AbstractJarFileDependencyLocator/]: Failed to load resource META-INF\jarjar\metadata.json from , it does not contain dependency information.
[217月2026 21:47:28.195] [main/DEBUG] [net.minecraftforge.fml.loading.moddiscovery.AbstractJarFileDependencyLocator/]: Failed to load resource META-INF\jarjar\metadata.json from curios-forge-309927-6418456_mapped_official_1.20.1.jar, it does not contain dependency information.
[217月2026 21:47:28.195] [main/DEBUG] [net.minecraftforge.fml.loading.moddiscovery.AbstractJarFileDependencyLocator/]: Failed to load resource META-INF\jarjar\metadata.json from mclanguage-1.20.1-47.4.10.jar, it does not contain dependency information.
[217月2026 21:47:28.195] [main/DEBUG] [net.minecraftforge.fml.loading.moddiscovery.AbstractJarFileDependencyLocator/]: Failed to load resource META-INF\jarjar\metadata.json from javafmllanguage-1.20.1-47.4.10.jar, it does not contain dependency information.
[217月2026 21:47:28.195] [main/DEBUG] [net.minecraftforge.fml.loading.moddiscovery.AbstractJarFileDependencyLocator/]: Failed to load resource META-INF\jarjar\metadata.json from fmlcore-1.20.1-47.4.10.jar, it does not contain dependency information.
[217月2026 21:47:28.195] [main/DEBUG] [net.minecraftforge.fml.loading.moddiscovery.AbstractJarFileDependencyLocator/]: Failed to load resource META-INF\jarjar\metadata.json from lowcodelanguage-1.20.1-47.4.10.jar, it does not contain dependency information.
[217月2026 21:47:28.255] [main/DEBUG] [net.minecraftforge.fml.loading.moddiscovery.ModFileParser/LOADING]: Considering mod file candidate 
[217月2026 21:47:28.256] [main/DEBUG] [net.minecraftforge.fml.loading.moddiscovery.ModFileInfo/LOADING]: Found valid mod file mixinextras-forge-0.3.6.jar with {mixinextras} mods - versions {0.3.6}
[217月2026 21:47:28.260] [main/DEBUG] [net.minecraftforge.fml.loading.moddiscovery.ModFileParser/LOADING]: Considering mod file candidate 
[217月2026 21:47:28.261] [main/DEBUG] [net.minecraftforge.fml.loading.moddiscovery.ModFileInfo/LOADING]: Found valid mod file mixinextras-forge-0.3.5.jar with {mixinextras} mods - versions {0.3.5}
[217月2026 21:47:28.261] [main/DEBUG] [net.minecraftforge.fml.loading.moddiscovery.AbstractJarFileDependencyLocator/]: Failed to load resource META-INF\jarjar\metadata.json from mclib-20.jar, it does not contain dependency information.
[217月2026 21:47:28.276] [main/DEBUG] [net.minecraftforge.fml.loading.moddiscovery.AbstractJarFileDependencyLocator/]: Failed to load resource META-INF\jarjar\metadata.json from MixinExtras-0.3.6.jar, it does not contain dependency information.
[217月2026 21:47:28.276] [main/DEBUG] [net.minecraftforge.fml.loading.moddiscovery.AbstractJarFileDependencyLocator/]: Failed to load resource META-INF\jarjar\metadata.json from MixinExtras-0.3.5.jar, it does not contain dependency information.
[217月2026 21:47:28.306] [main/DEBUG] [net.minecraftforge.fml.loading.moddiscovery.ModFileParser/LOADING]: Considering mod file candidate 
[217月2026 21:47:28.306] [main/DEBUG] [net.minecraftforge.fml.loading.moddiscovery.ModFileInfo/LOADING]: Found valid mod file mixinextras-forge-0.3.6.jar with {mixinextras} mods - versions {0.3.6}
[217月2026 21:47:28.308] [main/INFO] [net.minecraftforge.fml.loading.moddiscovery.JarInJarDependencyLocator/]: Found 3 dependencies adding them to mods collection
[217月2026 21:47:28.310] [main/DEBUG] [net.minecraftforge.fml.loading.moddiscovery.ModFileInfo/LOADING]: Found valid mod file forge-1.20.1-47.4.10_mapped_official_1.20.1-recomp.jar with {minecraft} mods - versions {1.20.1}
[217月2026 21:47:28.313] [main/DEBUG] [net.minecraftforge.fml.loading.moddiscovery.ModFile/LOADING]: Loading mod file C:\Users\Administrator\.gradle\caches\forge_gradle\minecraft_user_repo\net\minecraftforge\forge\1.20.1-47.4.10_mapped_official_1.20.1\forge-1.20.1-47.4.10_mapped_official_1.20.1-recomp.jar with languages [LanguageSpec[languageName=minecraft, acceptedVersions=1]]
[217月2026 21:47:28.313] [main/DEBUG] [net.minecraftforge.fml.loading.moddiscovery.ModFileParser/LOADING]: Considering mod file candidate C:\Users\Administrator\.gradle\caches\forge_gradle\deobf_dependencies\curse\maven\farmers-delight-398521\8083474_mapped_official_1.20.1\farmers-delight-398521-8083474_mapped_official_1.20.1.jar
[217月2026 21:47:28.314] [main/DEBUG] [net.minecraftforge.fml.loading.moddiscovery.ModFileInfo/LOADING]: Found valid mod file farmers-delight-398521-8083474_mapped_official_1.20.1.jar with {farmersdelight} mods - versions {1.20.1-1.3.2}
[217月2026 21:47:28.314] [main/DEBUG] [net.minecraftforge.fml.loading.moddiscovery.ModFile/LOADING]: Loading mod file C:\Users\Administrator\.gradle\caches\forge_gradle\deobf_dependencies\curse\maven\farmers-delight-398521\8083474_mapped_official_1.20.1\farmers-delight-398521-8083474_mapped_official_1.20.1.jar with languages [LanguageSpec[languageName=javafml, acceptedVersions=[46,)]]
[217月2026 21:47:28.314] [main/DEBUG] [net.minecraftforge.fml.loading.moddiscovery.ModFileParser/LOADING]: Considering mod file candidate C:\Users\Administrator\.gradle\caches\forge_gradle\deobf_dependencies\curse\maven\irons-spellbooks-855414\8364933_mapped_official_1.20.1\irons-spellbooks-855414-8364933_mapped_official_1.20.1.jar
[217月2026 21:47:28.315] [main/DEBUG] [net.minecraftforge.fml.loading.moddiscovery.ModFileInfo/LOADING]: Found valid mod file irons-spellbooks-855414-8364933_mapped_official_1.20.1.jar with {irons_spellbooks} mods - versions {1.20.1-3.16.2}
[217月2026 21:47:28.315] [main/DEBUG] [net.minecraftforge.fml.loading.moddiscovery.ModFile/LOADING]: Loading mod file C:\Users\Administrator\.gradle\caches\forge_gradle\deobf_dependencies\curse\maven\irons-spellbooks-855414\8364933_mapped_official_1.20.1\irons-spellbooks-855414-8364933_mapped_official_1.20.1.jar with languages [LanguageSpec[languageName=javafml, acceptedVersions=[47,)]]
[217月2026 21:47:28.315] [main/DEBUG] [net.minecraftforge.fml.loading.moddiscovery.ModFileParser/LOADING]: Considering mod file candidate D:\Farmer's spell 'n spell book-1.20.1-Forge\Kaleidoscope ChineseFood-1.20.1-Forge\build\resources\main
[217月2026 21:47:28.317] [main/DEBUG] [net.minecraftforge.fml.loading.moddiscovery.ModFileInfo/LOADING]: Found valid mod file main with {farmers_spell} mods - versions {1.0.0-BETA-1.20.1}
[217月2026 21:47:28.317] [main/DEBUG] [net.minecraftforge.fml.loading.moddiscovery.ModFile/LOADING]: Loading mod file D:\Farmer's spell 'n spell book-1.20.1-Forge\Kaleidoscope ChineseFood-1.20.1-Forge\build\resources\main with languages [LanguageSpec[languageName=javafml, acceptedVersions=[47,)]]
[217月2026 21:47:28.318] [main/DEBUG] [net.minecraftforge.fml.loading.moddiscovery.ModFileParser/LOADING]: Considering mod file candidate C:\Users\Administrator\.gradle\caches\forge_gradle\deobf_dependencies\curse\maven\rhino-forge-416294\6186971_mapped_official_1.20.1\rhino-forge-416294-6186971_mapped_official_1.20.1.jar
[217月2026 21:47:28.318] [main/DEBUG] [net.minecraftforge.fml.loading.moddiscovery.ModFileInfo/LOADING]: Found valid mod file rhino-forge-416294-6186971_mapped_official_1.20.1.jar with {rhino} mods - versions {2001.2.3-build.10}
[217月2026 21:47:28.318] [main/DEBUG] [net.minecraftforge.fml.loading.moddiscovery.ModFile/LOADING]: Loading mod file C:\Users\Administrator\.gradle\caches\forge_gradle\deobf_dependencies\curse\maven\rhino-forge-416294\6186971_mapped_official_1.20.1\rhino-forge-416294-6186971_mapped_official_1.20.1.jar with languages [LanguageSpec[languageName=javafml, acceptedVersions=[38,)]]
[217月2026 21:47:28.318] [main/DEBUG] [net.minecraftforge.fml.loading.moddiscovery.ModFileParser/LOADING]: Considering mod file candidate C:\Users\Administrator\.gradle\caches\forge_gradle\deobf_dependencies\curse\maven\jade-324717\6855440_mapped_official_1.20.1\jade-324717-6855440_mapped_official_1.20.1.jar
[217月2026 21:47:28.319] [main/DEBUG] [net.minecraftforge.fml.loading.moddiscovery.ModFileInfo/LOADING]: Found valid mod file jade-324717-6855440_mapped_official_1.20.1.jar with {jade} mods - versions {11.13.2+forge}
[217月2026 21:47:28.319] [main/DEBUG] [net.minecraftforge.fml.loading.moddiscovery.ModFile/LOADING]: Loading mod file C:\Users\Administrator\.gradle\caches\forge_gradle\deobf_dependencies\curse\maven\jade-324717\6855440_mapped_official_1.20.1\jade-324717-6855440_mapped_official_1.20.1.jar with languages [LanguageSpec[languageName=javafml, acceptedVersions=[46,)]]
[217月2026 21:47:28.319] [main/DEBUG] [net.minecraftforge.fml.loading.moddiscovery.ModFileParser/LOADING]: Considering mod file candidate C:\Users\Administrator\.gradle\caches\forge_gradle\deobf_dependencies\curse\maven\geckolib-forge-388172\8285794_mapped_official_1.20.1\geckolib-forge-388172-8285794_mapped_official_1.20.1.jar
[217月2026 21:47:28.320] [main/DEBUG] [net.minecraftforge.fml.loading.moddiscovery.ModFileInfo/LOADING]: Found valid mod file geckolib-forge-388172-8285794_mapped_official_1.20.1.jar with {geckolib} mods - versions {4.8.4}
[217月2026 21:47:28.320] [main/DEBUG] [net.minecraftforge.fml.loading.moddiscovery.ModFile/LOADING]: Loading mod file C:\Users\Administrator\.gradle\caches\forge_gradle\deobf_dependencies\curse\maven\geckolib-forge-388172\8285794_mapped_official_1.20.1\geckolib-forge-388172-8285794_mapped_official_1.20.1.jar with languages [LanguageSpec[languageName=javafml, acceptedVersions=[47,)]]
[217月2026 21:47:28.321] [main/DEBUG] [net.minecraftforge.fml.loading.moddiscovery.ModFileParser/LOADING]: Considering mod file candidate C:\Users\Administrator\.gradle\caches\forge_gradle\deobf_dependencies\curse\maven\just-enough-effect-descriptions-jeed-532286\6172935_mapped_official_1.20.1\just-enough-effect-descriptions-jeed-532286-6172935_mapped_official_1.20.1.jar
[217月2026 21:47:28.321] [main/DEBUG] [net.minecraftforge.fml.loading.moddiscovery.ModFileInfo/LOADING]: Found valid mod file just-enough-effect-descriptions-jeed-532286-6172935_mapped_official_1.20.1.jar with {jeed} mods - versions {1.20-2.2.5}
[217月2026 21:47:28.321] [main/DEBUG] [net.minecraftforge.fml.loading.moddiscovery.ModFile/LOADING]: Loading mod file C:\Users\Administrator\.gradle\caches\forge_gradle\deobf_dependencies\curse\maven\just-enough-effect-descriptions-jeed-532286\6172935_mapped_official_1.20.1\just-enough-effect-descriptions-jeed-532286-6172935_mapped_official_1.20.1.jar with languages [LanguageSpec[languageName=javafml, acceptedVersions=[40,)]]
[217月2026 21:47:28.321] [main/DEBUG] [net.minecraftforge.fml.loading.moddiscovery.ModFileParser/LOADING]: Considering mod file candidate C:\Users\Administrator\.gradle\caches\forge_gradle\deobf_dependencies\curse\maven\appleskin-248787\4770828_mapped_official_1.20.1\appleskin-248787-4770828_mapped_official_1.20.1.jar
[217月2026 21:47:28.322] [main/DEBUG] [net.minecraftforge.fml.loading.moddiscovery.ModFileInfo/LOADING]: Found valid mod file appleskin-248787-4770828_mapped_official_1.20.1.jar with {appleskin} mods - versions {2.5.1+mc1.20.1}
[217月2026 21:47:28.322] [main/DEBUG] [net.minecraftforge.fml.loading.moddiscovery.ModFile/LOADING]: Loading mod file C:\Users\Administrator\.gradle\caches\forge_gradle\deobf_dependencies\curse\maven\appleskin-248787\4770828_mapped_official_1.20.1\appleskin-248787-4770828_mapped_official_1.20.1.jar with languages [LanguageSpec[languageName=javafml, acceptedVersions=[47,)]]
[217月2026 21:47:28.322] [main/DEBUG] [net.minecraftforge.fml.loading.moddiscovery.ModFileParser/LOADING]: Considering mod file candidate C:\Users\Administrator\.gradle\caches\forge_gradle\deobf_dependencies\curse\maven\architectury-419699\5137938_mapped_official_1.20.1\architectury-419699-5137938_mapped_official_1.20.1.jar
[217月2026 21:47:28.323] [main/DEBUG] [net.minecraftforge.fml.loading.moddiscovery.ModFileInfo/LOADING]: Found valid mod file architectury-419699-5137938_mapped_official_1.20.1.jar with {architectury} mods - versions {9.2.14}
[217月2026 21:47:28.323] [main/DEBUG] [net.minecraftforge.fml.loading.moddiscovery.ModFile/LOADING]: Loading mod file C:\Users\Administrator\.gradle\caches\forge_gradle\deobf_dependencies\curse\maven\architectury-419699\5137938_mapped_official_1.20.1\architectury-419699-5137938_mapped_official_1.20.1.jar with languages [LanguageSpec[languageName=javafml, acceptedVersions=[46,)]]
[217月2026 21:47:28.323] [main/DEBUG] [net.minecraftforge.fml.loading.moddiscovery.ModFileParser/LOADING]: Considering mod file candidate C:\Users\Administrator\.gradle\caches\forge_gradle\deobf_dependencies\curse\maven\player-animation-lib-forge-658587\4587214_mapped_official_1.20.1\player-animation-lib-forge-658587-4587214_mapped_official_1.20.1.jar
[217月2026 21:47:28.324] [main/DEBUG] [net.minecraftforge.fml.loading.moddiscovery.ModFileInfo/LOADING]: Found valid mod file player-animation-lib-forge-658587-4587214_mapped_official_1.20.1.jar with {playeranimator} mods - versions {1.0.2-rc1+1.20}
[217月2026 21:47:28.324] [main/DEBUG] [net.minecraftforge.fml.loading.moddiscovery.ModFile/LOADING]: Loading mod file C:\Users\Administrator\.gradle\caches\forge_gradle\deobf_dependencies\curse\maven\player-animation-lib-forge-658587\4587214_mapped_official_1.20.1\player-animation-lib-forge-658587-4587214_mapped_official_1.20.1.jar with languages [LanguageSpec[languageName=javafml, acceptedVersions=[46.0.0,)]]
[217月2026 21:47:28.324] [main/DEBUG] [net.minecraftforge.fml.loading.moddiscovery.ModFileParser/LOADING]: Considering mod file candidate C:\Users\Administrator\.gradle\caches\forge_gradle\deobf_dependencies\curse\maven\jei-238222\7361881_mapped_official_1.20.1\jei-238222-7361881_mapped_official_1.20.1.jar
[217月2026 21:47:28.325] [main/DEBUG] [net.minecraftforge.fml.loading.moddiscovery.ModFileInfo/LOADING]: Found valid mod file jei-238222-7361881_mapped_official_1.20.1.jar with {jei} mods - versions {15.20.0.128}
[217月2026 21:47:28.325] [main/DEBUG] [net.minecraftforge.fml.loading.moddiscovery.ModFile/LOADING]: Loading mod file C:\Users\Administrator\.gradle\caches\forge_gradle\deobf_dependencies\curse\maven\jei-238222\7361881_mapped_official_1.20.1\jei-238222-7361881_mapped_official_1.20.1.jar with languages [LanguageSpec[languageName=javafml, acceptedVersions=[47,)]]
[217月2026 21:47:28.325] [main/DEBUG] [net.minecraftforge.fml.loading.moddiscovery.ModFileParser/LOADING]: Considering mod file candidate C:\Users\Administrator\.gradle\caches\forge_gradle\deobf_dependencies\curse\maven\irons-lib-1492763\8364892_mapped_official_1.20.1\irons-lib-1492763-8364892_mapped_official_1.20.1.jar
[217月2026 21:47:28.326] [main/DEBUG] [net.minecraftforge.fml.loading.moddiscovery.ModFileInfo/LOADING]: Found valid mod file irons-lib-1492763-8364892_mapped_official_1.20.1.jar with {irons_lib} mods - versions {1.20.1-2.1.0}
[217月2026 21:47:28.326] [main/DEBUG] [net.minecraftforge.fml.loading.moddiscovery.ModFile/LOADING]: Loading mod file C:\Users\Administrator\.gradle\caches\forge_gradle\deobf_dependencies\curse\maven\irons-lib-1492763\8364892_mapped_official_1.20.1\irons-lib-1492763-8364892_mapped_official_1.20.1.jar with languages [LanguageSpec[languageName=javafml, acceptedVersions=[47,)]]
[217月2026 21:47:28.326] [main/DEBUG] [net.minecraftforge.fml.loading.moddiscovery.ModFileParser/LOADING]: Considering mod file candidate /
[217月2026 21:47:28.326] [main/DEBUG] [net.minecraftforge.fml.loading.moddiscovery.ModFileInfo/LOADING]: Found valid mod file  with {forge} mods - versions {47.4.10}
[217月2026 21:47:28.327] [main/DEBUG] [net.minecraftforge.fml.loading.moddiscovery.ModFile/LOADING]: Loading mod file / with languages [LanguageSpec[languageName=javafml, acceptedVersions=[24,]]]
[217月2026 21:47:28.329] [main/DEBUG] [net.minecraftforge.fml.loading.moddiscovery.ModFileParser/LOADING]: Found coremod field_to_method with Javascript path coremods/field_to_method.js
[217月2026 21:47:28.329] [main/DEBUG] [net.minecraftforge.fml.loading.moddiscovery.ModFileParser/LOADING]: Found coremod field_to_instanceof with Javascript path coremods/field_to_instanceof.js
[217月2026 21:47:28.329] [main/DEBUG] [net.minecraftforge.fml.loading.moddiscovery.ModFileParser/LOADING]: Found coremod add_bouncer_method with Javascript path coremods/add_bouncer_method.js
[217月2026 21:47:28.329] [main/DEBUG] [net.minecraftforge.fml.loading.moddiscovery.ModFileParser/LOADING]: Found coremod method_redirector with Javascript path coremods/method_redirector.js
[217月2026 21:47:28.329] [main/DEBUG] [net.minecraftforge.fml.loading.moddiscovery.ModFile/LOADING]: Found coremod coremods/field_to_method.js
[217月2026 21:47:28.330] [main/DEBUG] [net.minecraftforge.fml.loading.moddiscovery.ModFile/LOADING]: Found coremod coremods/field_to_instanceof.js
[217月2026 21:47:28.330] [main/DEBUG] [net.minecraftforge.fml.loading.moddiscovery.ModFile/LOADING]: Found coremod coremods/add_bouncer_method.js
[217月2026 21:47:28.330] [main/DEBUG] [net.minecraftforge.fml.loading.moddiscovery.ModFile/LOADING]: Found coremod coremods/method_redirector.js
[217月2026 21:47:28.330] [main/DEBUG] [net.minecraftforge.fml.loading.moddiscovery.ModFileParser/LOADING]: Considering mod file candidate C:\Users\Administrator\.gradle\caches\forge_gradle\deobf_dependencies\curse\maven\kaleidoscope-cookery-1309203\7473809_mapped_official_1.20.1\kaleidoscope-cookery-1309203-7473809_mapped_official_1.20.1.jar
[217月2026 21:47:28.330] [main/DEBUG] [net.minecraftforge.fml.loading.moddiscovery.ModFileInfo/LOADING]: Found valid mod file kaleidoscope-cookery-1309203-7473809_mapped_official_1.20.1.jar with {kaleidoscope_cookery} mods - versions {1.2.0-forge+mc1.20.1}
[217月2026 21:47:28.331] [main/DEBUG] [net.minecraftforge.fml.loading.moddiscovery.ModFile/LOADING]: Loading mod file C:\Users\Administrator\.gradle\caches\forge_gradle\deobf_dependencies\curse\maven\kaleidoscope-cookery-1309203\7473809_mapped_official_1.20.1\kaleidoscope-cookery-1309203-7473809_mapped_official_1.20.1.jar with languages [LanguageSpec[languageName=javafml, acceptedVersions=[47,)]]
[217月2026 21:47:28.331] [main/DEBUG] [net.minecraftforge.fml.loading.moddiscovery.ModFileParser/LOADING]: Considering mod file candidate C:\Users\Administrator\.gradle\caches\forge_gradle\deobf_dependencies\curse\maven\curios-forge-309927\6418456_mapped_official_1.20.1\curios-forge-309927-6418456_mapped_official_1.20.1.jar
[217月2026 21:47:28.331] [main/DEBUG] [net.minecraftforge.fml.loading.moddiscovery.ModFileInfo/LOADING]: Found valid mod file curios-forge-309927-6418456_mapped_official_1.20.1.jar with {curios} mods - versions {5.14.1+1.20.1}
[217月2026 21:47:28.331] [main/DEBUG] [net.minecraftforge.fml.loading.moddiscovery.ModFile/LOADING]: Loading mod file C:\Users\Administrator\.gradle\caches\forge_gradle\deobf_dependencies\curse\maven\curios-forge-309927\6418456_mapped_official_1.20.1\curios-forge-309927-6418456_mapped_official_1.20.1.jar with languages [LanguageSpec[languageName=javafml, acceptedVersions=[41,)]]
[217月2026 21:47:28.332] [main/DEBUG] [net.minecraftforge.fml.loading.moddiscovery.ModFileParser/LOADING]: Considering mod file candidate C:\Users\Administrator\.gradle\caches\forge_gradle\deobf_dependencies\curse\maven\embeddium-908741\5681725_mapped_official_1.20.1\embeddium-908741-5681725_mapped_official_1.20.1.jar
[217月2026 21:47:28.333] [main/DEBUG] [net.minecraftforge.fml.loading.moddiscovery.ModFileInfo/LOADING]: Found valid mod file embeddium-908741-5681725_mapped_official_1.20.1.jar with {embeddium,rubidium} mods - versions {0.3.31+mc1.20.1,0.7.1}
[217月2026 21:47:28.333] [main/DEBUG] [net.minecraftforge.fml.loading.moddiscovery.ModFile/LOADING]: Loading mod file C:\Users\Administrator\.gradle\caches\forge_gradle\deobf_dependencies\curse\maven\embeddium-908741\5681725_mapped_official_1.20.1\embeddium-908741-5681725_mapped_official_1.20.1.jar with languages [LanguageSpec[languageName=javafml, acceptedVersions=[47,)]]
[217月2026 21:47:28.333] [main/DEBUG] [net.minecraftforge.fml.loading.moddiscovery.ModFile/LOADING]: Loading mod file  with languages []
[217月2026 21:47:28.333] [main/DEBUG] [net.minecraftforge.fml.loading.moddiscovery.ModFileParser/LOADING]: Considering mod file candidate 
[217月2026 21:47:28.334] [main/DEBUG] [net.minecraftforge.fml.loading.moddiscovery.ModFileInfo/LOADING]: Found valid mod file mixinextras-forge-0.3.6.jar with {mixinextras} mods - versions {0.3.6}
[217月2026 21:47:28.334] [main/DEBUG] [net.minecraftforge.fml.loading.moddiscovery.ModFile/LOADING]: Loading mod file  with languages [LanguageSpec[languageName=javafml, acceptedVersions=*]]
[217月2026 21:47:28.334] [main/DEBUG] [net.minecraftforge.fml.loading.moddiscovery.ModFile/LOADING]: Loading mod file  with languages []
[217月2026 21:47:28.335] [main/DEBUG] [net.minecraftforge.fml.loading.moddiscovery.ModFile/LOADING]: Loading mod file  with languages []
[217月2026 21:47:28.335] [main/DEBUG] [net.minecraftforge.fml.loading.moddiscovery.ModFileParser/LOADING]: Considering mod file candidate 
[217月2026 21:47:28.335] [main/DEBUG] [net.minecraftforge.fml.loading.moddiscovery.ModFileInfo/LOADING]: Found valid mod file mixinextras-forge-0.3.6.jar with {mixinextras} mods - versions {0.3.6}
[217月2026 21:47:28.336] [main/DEBUG] [net.minecraftforge.fml.loading.moddiscovery.ModFile/LOADING]: Loading mod file  with languages [LanguageSpec[languageName=javafml, acceptedVersions=*]]
[217月2026 21:47:28.336] [main/DEBUG] [net.minecraftforge.fml.loading.moddiscovery.ModFile/LOADING]: Loading mod file  with languages []
[217月2026 21:47:28.337] [main/DEBUG] [cpw.mods.modlauncher.TransformationServiceDecorator/MODLAUNCHER]: End scan trigger - transformation service fml
[217月2026 21:47:28.348] [main/DEBUG] [net.minecraftforge.fml.loading.LanguageLoadingProvider/CORE]: Found 3 language providers
[217月2026 21:47:28.348] [main/DEBUG] [net.minecraftforge.fml.loading.LanguageLoadingProvider/CORE]: Found language provider minecraft, version 1.0
[217月2026 21:47:28.349] [main/DEBUG] [net.minecraftforge.fml.loading.LanguageLoadingProvider/CORE]: Found language provider lowcodefml, version 47
[217月2026 21:47:28.349] [main/DEBUG] [net.minecraftforge.fml.loading.LanguageLoadingProvider/CORE]: Found language provider javafml, version 47
[217月2026 21:47:28.352] [main/DEBUG] [net.minecraftforge.fml.loading.UniqueModListBuilder/]: Found 2 mods for first modid mclib, selecting most recent based on version data
[217月2026 21:47:28.353] [main/DEBUG] [net.minecraftforge.fml.loading.UniqueModListBuilder/]: Selected file mclib-20.jar for modid mclib with version 0.0NONE
[217月2026 21:47:28.353] [main/DEBUG] [net.minecraftforge.fml.loading.UniqueModListBuilder/]: Found 2 mods for first modid mixinextras, selecting most recent based on version data
[217月2026 21:47:28.353] [main/DEBUG] [net.minecraftforge.fml.loading.UniqueModListBuilder/]: Selected file mixinextras-forge-0.3.6.jar for modid mixinextras with version 0.3.6
[217月2026 21:47:28.353] [main/DEBUG] [net.minecraftforge.fml.loading.UniqueModListBuilder/]: Found 2 mods for first modid MixinExtras, selecting most recent based on version data
[217月2026 21:47:28.353] [main/DEBUG] [net.minecraftforge.fml.loading.UniqueModListBuilder/]: Selected file MixinExtras-0.3.6.jar for modid MixinExtras with version 0.0NONE
[217月2026 21:47:28.355] [main/DEBUG] [net.minecraftforge.fml.loading.ModSorter/]: Configured system mods: [minecraft, forge]
[217月2026 21:47:28.355] [main/DEBUG] [net.minecraftforge.fml.loading.ModSorter/]: Found system mod: minecraft
[217月2026 21:47:28.355] [main/DEBUG] [net.minecraftforge.fml.loading.ModSorter/]: Found system mod: forge
[217月2026 21:47:28.357] [main/DEBUG] [net.minecraftforge.fml.loading.ModSorter/LOADING]: Found 30 mod requirements (26 mandatory, 4 optional)
[217月2026 21:47:28.358] [main/DEBUG] [net.minecraftforge.fml.loading.ModSorter/LOADING]: Found 0 mod requirements missing (0 mandatory, 0 optional)
[217月2026 21:47:28.801] [main/DEBUG] [net.minecraftforge.fml.loading.MCPNamingService/CORE]: Loaded 33222 method mappings from methods.csv
[217月2026 21:47:28.827] [main/DEBUG] [net.minecraftforge.fml.loading.MCPNamingService/CORE]: Loaded 31003 field mappings from fields.csv
[217月2026 21:47:28.921] [main/DEBUG] [cpw.mods.modlauncher.TransformationServicesHandler/MODLAUNCHER]: Transformation services loading transformers
[217月2026 21:47:28.922] [main/DEBUG] [cpw.mods.modlauncher.TransformationServiceDecorator/MODLAUNCHER]: Initializing transformers for transformation service mixin
[217月2026 21:47:28.923] [main/DEBUG] [cpw.mods.modlauncher.TransformationServiceDecorator/MODLAUNCHER]: Initialized transformers for transformation service mixin
[217月2026 21:47:28.923] [main/DEBUG] [cpw.mods.modlauncher.TransformationServiceDecorator/MODLAUNCHER]: Initializing transformers for transformation service fml
[217月2026 21:47:28.923] [main/DEBUG] [net.minecraftforge.fml.loading.FMLServiceProvider/CORE]: Loading coremod transformers
[217月2026 21:47:28.923] [main/DEBUG] [net.minecraftforge.coremod.CoreModEngine/COREMOD]: Loading CoreMod from coremods/field_to_method.js
[217月2026 21:47:29.091] [main/DEBUG] [net.minecraftforge.coremod.CoreModEngine/COREMOD]: CoreMod loaded successfully
[217月2026 21:47:29.091] [main/DEBUG] [net.minecraftforge.coremod.CoreModEngine/COREMOD]: Loading CoreMod from coremods/field_to_instanceof.js
[217月2026 21:47:29.181] [main/DEBUG] [net.minecraftforge.coremod.CoreModEngine/COREMOD]: CoreMod loaded successfully
[217月2026 21:47:29.181] [main/DEBUG] [net.minecraftforge.coremod.CoreModEngine/COREMOD]: Loading CoreMod from coremods/add_bouncer_method.js
[217月2026 21:47:29.214] [main/DEBUG] [net.minecraftforge.coremod.CoreModEngine/COREMOD]: CoreMod loaded successfully
[217月2026 21:47:29.214] [main/DEBUG] [net.minecraftforge.coremod.CoreModEngine/COREMOD]: Loading CoreMod from coremods/method_redirector.js
[217月2026 21:47:29.270] [main/DEBUG] [net.minecraftforge.coremod.CoreModEngine/COREMOD]: CoreMod loaded successfully
[217月2026 21:47:29.281] [main/DEBUG] [cpw.mods.modlauncher.TransformStore/MODLAUNCHER]: Adding transformer net.minecraftforge.coremod.transformer.CoreModClassTransformer@36920bd6 to Target : CLASS {Lnet/minecraft/world/level/biome/Biome;} {} {V}
[217月2026 21:47:29.283] [main/DEBUG] [cpw.mods.modlauncher.TransformStore/MODLAUNCHER]: Adding transformer net.minecraftforge.coremod.transformer.CoreModClassTransformer@2b7e8044 to Target : CLASS {Lnet/minecraft/world/level/levelgen/structure/Structure;} {} {V}
[217月2026 21:47:29.283] [main/DEBUG] [cpw.mods.modlauncher.TransformStore/MODLAUNCHER]: Adding transformer net.minecraftforge.coremod.transformer.CoreModClassTransformer@550de6b8 to Target : CLASS {Lnet/minecraft/world/effect/MobEffectInstance;} {} {V}
[217月2026 21:47:29.283] [main/DEBUG] [cpw.mods.modlauncher.TransformStore/MODLAUNCHER]: Adding transformer net.minecraftforge.coremod.transformer.CoreModClassTransformer@3a1706e1 to Target : CLASS {Lnet/minecraft/world/level/block/LiquidBlock;} {} {V}
[217月2026 21:47:29.283] [main/DEBUG] [cpw.mods.modlauncher.TransformStore/MODLAUNCHER]: Adding transformer net.minecraftforge.coremod.transformer.CoreModClassTransformer@3c6c4689 to Target : CLASS {Lnet/minecraft/world/item/BucketItem;} {} {V}
[217月2026 21:47:29.283] [main/DEBUG] [cpw.mods.modlauncher.TransformStore/MODLAUNCHER]: Adding transformer net.minecraftforge.coremod.transformer.CoreModClassTransformer@63cf9de0 to Target : CLASS {Lnet/minecraft/world/level/block/StairBlock;} {} {V}
[217月2026 21:47:29.283] [main/DEBUG] [cpw.mods.modlauncher.TransformStore/MODLAUNCHER]: Adding transformer net.minecraftforge.coremod.transformer.CoreModClassTransformer@594d9f07 to Target : CLASS {Lnet/minecraft/world/level/block/FlowerPotBlock;} {} {V}
[217月2026 21:47:29.284] [main/DEBUG] [cpw.mods.modlauncher.TransformStore/MODLAUNCHER]: Adding transformer net.minecraftforge.coremod.transformer.CoreModClassTransformer@5befbac1 to Target : CLASS {Lnet/minecraft/world/item/ItemStack;} {} {V}
[217月2026 21:47:29.284] [main/DEBUG] [cpw.mods.modlauncher.TransformStore/MODLAUNCHER]: Adding transformer net.minecraftforge.coremod.transformer.CoreModClassTransformer@5e9f73b to Target : CLASS {Lnet/minecraft/network/play/client/CClientSettingsPacket;} {} {V}
[217月2026 21:47:29.284] [main/DEBUG] [cpw.mods.modlauncher.TransformStore/MODLAUNCHER]: Adding transformer net.minecraftforge.coremod.transformer.CoreModClassTransformer@1a565afb to Target : CLASS {Lnet/minecraft/world/entity/animal/horse/SkeletonTrapGoal;} {} {V}
[217月2026 21:47:29.284] [main/DEBUG] [cpw.mods.modlauncher.TransformStore/MODLAUNCHER]: Adding transformer net.minecraftforge.coremod.transformer.CoreModClassTransformer@1a565afb to Target : CLASS {Lnet/minecraft/world/entity/monster/Evoker$EvokerSummonSpellGoal;} {} {V}
[217月2026 21:47:29.284] [main/DEBUG] [cpw.mods.modlauncher.TransformStore/MODLAUNCHER]: Adding transformer net.minecraftforge.coremod.transformer.CoreModClassTransformer@1a565afb to Target : CLASS {Lnet/minecraft/world/entity/EntityType;} {} {V}
[217月2026 21:47:29.284] [main/DEBUG] [cpw.mods.modlauncher.TransformStore/MODLAUNCHER]: Adding transformer net.minecraftforge.coremod.transformer.CoreModClassTransformer@1a565afb to Target : CLASS {Lnet/minecraft/world/entity/monster/Strider;} {} {V}
[217月2026 21:47:29.284] [main/DEBUG] [cpw.mods.modlauncher.TransformStore/MODLAUNCHER]: Adding transformer net.minecraftforge.coremod.transformer.CoreModClassTransformer@1a565afb to Target : CLASS {Lnet/minecraft/world/entity/npc/Villager;} {} {V}
[217月2026 21:47:29.284] [main/DEBUG] [cpw.mods.modlauncher.TransformStore/MODLAUNCHER]: Adding transformer net.minecraftforge.coremod.transformer.CoreModClassTransformer@1a565afb to Target : CLASS {Lnet/minecraft/world/entity/raid/Raid;} {} {V}
[217月2026 21:47:29.285] [main/DEBUG] [cpw.mods.modlauncher.TransformStore/MODLAUNCHER]: Adding transformer net.minecraftforge.coremod.transformer.CoreModClassTransformer@1a565afb to Target : CLASS {Lnet/minecraft/world/level/levelgen/structure/structures/OceanRuinPieces$OceanRuinPiece;} {} {V}
[217月2026 21:47:29.285] [main/DEBUG] [cpw.mods.modlauncher.TransformStore/MODLAUNCHER]: Adding transformer net.minecraftforge.coremod.transformer.CoreModClassTransformer@1a565afb to Target : CLASS {Lnet/minecraft/world/level/levelgen/structure/structures/OceanMonumentPieces$OceanMonumentPiece;} {} {V}
[217月2026 21:47:29.285] [main/DEBUG] [cpw.mods.modlauncher.TransformStore/MODLAUNCHER]: Adding transformer net.minecraftforge.coremod.transformer.CoreModClassTransformer@1a565afb to Target : CLASS {Lnet/minecraft/server/commands/RaidCommand;} {} {V}
[217月2026 21:47:29.285] [main/DEBUG] [cpw.mods.modlauncher.TransformStore/MODLAUNCHER]: Adding transformer net.minecraftforge.coremod.transformer.CoreModClassTransformer@1a565afb to Target : CLASS {Lnet/minecraft/world/level/levelgen/PhantomSpawner;} {} {V}
[217月2026 21:47:29.285] [main/DEBUG] [cpw.mods.modlauncher.TransformStore/MODLAUNCHER]: Adding transformer net.minecraftforge.coremod.transformer.CoreModClassTransformer@1a565afb to Target : CLASS {Lnet/minecraft/world/level/levelgen/structure/structures/WoodlandMansionPieces$WoodlandMansionPiece;} {} {V}
[217月2026 21:47:29.285] [main/DEBUG] [cpw.mods.modlauncher.TransformStore/MODLAUNCHER]: Adding transformer net.minecraftforge.coremod.transformer.CoreModClassTransformer@1a565afb to Target : CLASS {Lnet/minecraft/server/commands/SummonCommand;} {} {V}
[217月2026 21:47:29.285] [main/DEBUG] [cpw.mods.modlauncher.TransformStore/MODLAUNCHER]: Adding transformer net.minecraftforge.coremod.transformer.CoreModClassTransformer@1a565afb to Target : CLASS {Lnet/minecraft/world/entity/monster/Zombie;} {} {V}
[217月2026 21:47:29.285] [main/DEBUG] [cpw.mods.modlauncher.TransformStore/MODLAUNCHER]: Adding transformer net.minecraftforge.coremod.transformer.CoreModClassTransformer@1a565afb to Target : CLASS {Lnet/minecraft/world/entity/monster/ZombieVillager;} {} {V}
[217月2026 21:47:29.285] [main/DEBUG] [cpw.mods.modlauncher.TransformStore/MODLAUNCHER]: Adding transformer net.minecraftforge.coremod.transformer.CoreModClassTransformer@1a565afb to Target : CLASS {Lnet/minecraft/world/level/levelgen/structure/structures/SwampHutPiece;} {} {V}
[217月2026 21:47:29.285] [main/DEBUG] [cpw.mods.modlauncher.TransformStore/MODLAUNCHER]: Adding transformer net.minecraftforge.coremod.transformer.CoreModClassTransformer@1a565afb to Target : CLASS {Lnet/minecraft/world/entity/monster/Spider;} {} {V}
[217月2026 21:47:29.286] [main/DEBUG] [cpw.mods.modlauncher.TransformStore/MODLAUNCHER]: Adding transformer net.minecraftforge.coremod.transformer.CoreModClassTransformer@1a565afb to Target : CLASS {Lnet/minecraft/world/level/NaturalSpawner;} {} {V}
[217月2026 21:47:29.286] [main/DEBUG] [cpw.mods.modlauncher.TransformStore/MODLAUNCHER]: Adding transformer net.minecraftforge.coremod.transformer.CoreModClassTransformer@1a565afb to Target : CLASS {Lnet/minecraft/world/level/levelgen/structure/templatesystem/StructureTemplate;} {} {V}
[217月2026 21:47:29.286] [main/DEBUG] [cpw.mods.modlauncher.TransformStore/MODLAUNCHER]: Adding transformer net.minecraftforge.coremod.transformer.CoreModClassTransformer@1a565afb to Target : CLASS {Lnet/minecraft/world/entity/npc/CatSpawner;} {} {V}
[217月2026 21:47:29.286] [main/DEBUG] [cpw.mods.modlauncher.TransformStore/MODLAUNCHER]: Adding transformer net.minecraftforge.coremod.transformer.CoreModClassTransformer@1a565afb to Target : CLASS {Lnet/minecraft/world/entity/ai/village/VillageSiege;} {} {V}
[217月2026 21:47:29.286] [main/DEBUG] [cpw.mods.modlauncher.TransformStore/MODLAUNCHER]: Adding transformer net.minecraftforge.coremod.transformer.CoreModClassTransformer@1a565afb to Target : CLASS {Lnet/minecraft/world/entity/animal/frog/Tadpole;} {} {V}
[217月2026 21:47:29.286] [main/DEBUG] [cpw.mods.modlauncher.TransformStore/MODLAUNCHER]: Adding transformer net.minecraftforge.coremod.transformer.CoreModClassTransformer@1a565afb to Target : CLASS {Lnet/minecraft/world/level/levelgen/PatrolSpawner;} {} {V}
[217月2026 21:47:29.286] [main/DEBUG] [cpw.mods.modlauncher.TransformationServiceDecorator/MODLAUNCHER]: Initialized transformers for transformation service fml
[217月2026 21:47:30.001] [main/DEBUG] [mixin/]: Processing prepare() for PlatformAgent[MixinPlatformAgentDefault:ModLauncher Root Container(ModLauncher:4f56a0a2)]
[217月2026 21:47:30.001] [main/DEBUG] [mixin/]: Processing launch tasks for PlatformAgent[MixinPlatformAgentDefault:ModLauncher Root Container(ModLauncher:4f56a0a2)]
[217月2026 21:47:30.001] [main/DEBUG] [mixin/]: Adding mixin platform agents for container SecureJarResource(farmersdelight)
[217月2026 21:47:30.001] [main/DEBUG] [mixin/]: Instancing new MixinPlatformAgentMinecraftForge for SecureJarResource(farmersdelight)
[217月2026 21:47:30.001] [main/DEBUG] [mixin/]: MixinPlatformAgentMinecraftForge rejected container SecureJarResource(farmersdelight)
[217月2026 21:47:30.001] [main/DEBUG] [mixin/]: Instancing new MixinPlatformAgentDefault for SecureJarResource(farmersdelight)
[217月2026 21:47:30.001] [main/DEBUG] [mixin/]: MixinPlatformAgentDefault accepted container SecureJarResource(farmersdelight)
[217月2026 21:47:30.002] [main/DEBUG] [mixin/]: Processing prepare() for PlatformAgent[MixinPlatformAgentDefault:SecureJarResource(farmersdelight)]
[217月2026 21:47:30.002] [main/DEBUG] [mixin/]: Registering mixin config: farmersdelight.mixins.json
[217月2026 21:47:30.021] [main/DEBUG] [mixin/]: Compatibility level JAVA_17 specified by farmersdelight.mixins.json is higher than the maximum level supported by this version of mixin (JAVA_13).
[217月2026 21:47:30.024] [main/INFO] [mixin/]: Compatibility level set to JAVA_17
[217月2026 21:47:30.024] [main/DEBUG] [mixin/]: Adding mixin platform agents for container SecureJarResource(minecraft)
[217月2026 21:47:30.024] [main/DEBUG] [mixin/]: Instancing new MixinPlatformAgentMinecraftForge for SecureJarResource(minecraft)
[217月2026 21:47:30.024] [main/DEBUG] [mixin/]: MixinPlatformAgentMinecraftForge rejected container SecureJarResource(minecraft)
[217月2026 21:47:30.024] [main/DEBUG] [mixin/]: Instancing new MixinPlatformAgentDefault for SecureJarResource(minecraft)
[217月2026 21:47:30.024] [main/DEBUG] [mixin/]: MixinPlatformAgentDefault accepted container SecureJarResource(minecraft)
[217月2026 21:47:30.024] [main/DEBUG] [mixin/]: Processing prepare() for PlatformAgent[MixinPlatformAgentDefault:SecureJarResource(minecraft)]
[217月2026 21:47:30.025] [main/DEBUG] [mixin/]: Adding mixin platform agents for container SecureJarResource(farmers_spell)
[217月2026 21:47:30.025] [main/DEBUG] [mixin/]: Instancing new MixinPlatformAgentMinecraftForge for SecureJarResource(farmers_spell)
[217月2026 21:47:30.025] [main/DEBUG] [mixin/]: MixinPlatformAgentMinecraftForge rejected container SecureJarResource(farmers_spell)
[217月2026 21:47:30.025] [main/DEBUG] [mixin/]: Instancing new MixinPlatformAgentDefault for SecureJarResource(farmers_spell)
[217月2026 21:47:30.025] [main/DEBUG] [mixin/]: MixinPlatformAgentDefault accepted container SecureJarResource(farmers_spell)
[217月2026 21:47:30.025] [main/DEBUG] [mixin/]: Processing prepare() for PlatformAgent[MixinPlatformAgentDefault:SecureJarResource(farmers_spell)]
[217月2026 21:47:30.025] [main/DEBUG] [mixin/]: Adding mixin platform agents for container SecureJarResource(mixinextras)
[217月2026 21:47:30.025] [main/DEBUG] [mixin/]: Instancing new MixinPlatformAgentMinecraftForge for SecureJarResource(mixinextras)
[217月2026 21:47:30.025] [main/DEBUG] [mixin/]: MixinPlatformAgentMinecraftForge rejected container SecureJarResource(mixinextras)
[217月2026 21:47:30.025] [main/DEBUG] [mixin/]: Instancing new MixinPlatformAgentDefault for SecureJarResource(mixinextras)
[217月2026 21:47:30.025] [main/DEBUG] [mixin/]: MixinPlatformAgentDefault accepted container SecureJarResource(mixinextras)
[217月2026 21:47:30.025] [main/DEBUG] [mixin/]: Processing prepare() for PlatformAgent[MixinPlatformAgentDefault:SecureJarResource(mixinextras)]
[217月2026 21:47:30.026] [main/DEBUG] [mixin/]: Registering mixin config: mixinextras.init.mixins.json
[217月2026 21:47:30.027] [main/DEBUG] [mixin/]: Adding mixin platform agents for container SecureJarResource(rhino)
[217月2026 21:47:30.027] [main/DEBUG] [mixin/]: Instancing new MixinPlatformAgentMinecraftForge for SecureJarResource(rhino)
[217月2026 21:47:30.027] [main/DEBUG] [mixin/]: MixinPlatformAgentMinecraftForge rejected container SecureJarResource(rhino)
[217月2026 21:47:30.028] [main/DEBUG] [mixin/]: Instancing new MixinPlatformAgentDefault for SecureJarResource(rhino)
[217月2026 21:47:30.028] [main/DEBUG] [mixin/]: MixinPlatformAgentDefault accepted container SecureJarResource(rhino)
[217月2026 21:47:30.028] [main/DEBUG] [mixin/]: Processing prepare() for PlatformAgent[MixinPlatformAgentDefault:SecureJarResource(rhino)]
[217月2026 21:47:30.028] [main/DEBUG] [mixin/]: Registering mixin config: rhino-common.mixins.json
[217月2026 21:47:30.030] [main/DEBUG] [mixin/]: Adding mixin platform agents for container SecureJarResource(jade)
[217月2026 21:47:30.030] [main/DEBUG] [mixin/]: Instancing new MixinPlatformAgentMinecraftForge for SecureJarResource(jade)
[217月2026 21:47:30.030] [main/DEBUG] [mixin/]: MixinPlatformAgentMinecraftForge rejected container SecureJarResource(jade)
[217月2026 21:47:30.030] [main/DEBUG] [mixin/]: Instancing new MixinPlatformAgentDefault for SecureJarResource(jade)
[217月2026 21:47:30.030] [main/DEBUG] [mixin/]: MixinPlatformAgentDefault accepted container SecureJarResource(jade)
[217月2026 21:47:30.030] [main/DEBUG] [mixin/]: Processing prepare() for PlatformAgent[MixinPlatformAgentDefault:SecureJarResource(jade)]
[217月2026 21:47:30.030] [main/DEBUG] [mixin/]: Registering mixin config: jade.mixins.json
[217月2026 21:47:30.032] [main/DEBUG] [mixin/]: Compatibility level JAVA_16 specified by jade.mixins.json is higher than the maximum level supported by this version of mixin (JAVA_13).
[217月2026 21:47:30.033] [main/DEBUG] [mixin/]: Adding mixin platform agents for container SecureJarResource(geckolib)
[217月2026 21:47:30.033] [main/DEBUG] [mixin/]: Instancing new MixinPlatformAgentMinecraftForge for SecureJarResource(geckolib)
[217月2026 21:47:30.033] [main/DEBUG] [mixin/]: MixinPlatformAgentMinecraftForge rejected container SecureJarResource(geckolib)
[217月2026 21:47:30.033] [main/DEBUG] [mixin/]: Instancing new MixinPlatformAgentDefault for SecureJarResource(geckolib)
[217月2026 21:47:30.033] [main/DEBUG] [mixin/]: MixinPlatformAgentDefault accepted container SecureJarResource(geckolib)
[217月2026 21:47:30.033] [main/DEBUG] [mixin/]: Processing prepare() for PlatformAgent[MixinPlatformAgentDefault:SecureJarResource(geckolib)]
[217月2026 21:47:30.033] [main/DEBUG] [mixin/]: Registering mixin config: geckolib.mixins.json
[217月2026 21:47:30.035] [main/DEBUG] [mixin/]: Adding mixin platform agents for container SecureJarResource(architectury)
[217月2026 21:47:30.035] [main/DEBUG] [mixin/]: Instancing new MixinPlatformAgentMinecraftForge for SecureJarResource(architectury)
[217月2026 21:47:30.035] [main/DEBUG] [mixin/]: MixinPlatformAgentMinecraftForge rejected container SecureJarResource(architectury)
[217月2026 21:47:30.035] [main/DEBUG] [mixin/]: Instancing new MixinPlatformAgentDefault for SecureJarResource(architectury)
[217月2026 21:47:30.035] [main/DEBUG] [mixin/]: MixinPlatformAgentDefault accepted container SecureJarResource(architectury)
[217月2026 21:47:30.035] [main/DEBUG] [mixin/]: Processing prepare() for PlatformAgent[MixinPlatformAgentDefault:SecureJarResource(architectury)]
[217月2026 21:47:30.036] [main/DEBUG] [mixin/]: Registering mixin config: architectury.mixins.json
[217月2026 21:47:30.037] [main/DEBUG] [mixin/]: Compatibility level JAVA_16 specified by architectury.mixins.json is higher than the maximum level supported by this version of mixin (JAVA_13).
[217月2026 21:47:30.037] [main/DEBUG] [mixin/]: Registering mixin config: architectury-common.mixins.json
[217月2026 21:47:30.038] [main/DEBUG] [mixin/]: Compatibility level JAVA_16 specified by architectury-common.mixins.json is higher than the maximum level supported by this version of mixin (JAVA_13).
[217月2026 21:47:30.039] [main/DEBUG] [mixin/]: Adding mixin platform agents for container SecureJarResource(jeed)
[217月2026 21:47:30.039] [main/DEBUG] [mixin/]: Instancing new MixinPlatformAgentMinecraftForge for SecureJarResource(jeed)
[217月2026 21:47:30.039] [main/DEBUG] [mixin/]: MixinPlatformAgentMinecraftForge rejected container SecureJarResource(jeed)
[217月2026 21:47:30.040] [main/DEBUG] [mixin/]: Instancing new MixinPlatformAgentDefault for SecureJarResource(jeed)
[217月2026 21:47:30.040] [main/DEBUG] [mixin/]: MixinPlatformAgentDefault accepted container SecureJarResource(jeed)
[217月2026 21:47:30.040] [main/DEBUG] [mixin/]: Processing prepare() for PlatformAgent[MixinPlatformAgentDefault:SecureJarResource(jeed)]
[217月2026 21:47:30.040] [main/DEBUG] [mixin/]: Registering mixin config: jeed-common.mixins.json
[217月2026 21:47:30.041] [main/DEBUG] [mixin/]: Registering mixin config: jeed.mixins.json
[217月2026 21:47:30.042] [main/DEBUG] [mixin/]: Adding mixin platform agents for container SecureJarResource(playeranimator)
[217月2026 21:47:30.043] [main/DEBUG] [mixin/]: Instancing new MixinPlatformAgentMinecraftForge for SecureJarResource(playeranimator)
[217月2026 21:47:30.043] [main/DEBUG] [mixin/]: MixinPlatformAgentMinecraftForge rejected container SecureJarResource(playeranimator)
[217月2026 21:47:30.043] [main/DEBUG] [mixin/]: Instancing new MixinPlatformAgentDefault for SecureJarResource(playeranimator)
[217月2026 21:47:30.043] [main/DEBUG] [mixin/]: MixinPlatformAgentDefault accepted container SecureJarResource(playeranimator)
[217月2026 21:47:30.043] [main/DEBUG] [mixin/]: Processing prepare() for PlatformAgent[MixinPlatformAgentDefault:SecureJarResource(playeranimator)]
[217月2026 21:47:30.043] [main/DEBUG] [mixin/]: Registering mixin config: playerAnimator-common.mixins.json
[217月2026 21:47:30.044] [main/DEBUG] [mixin/]: Compatibility level JAVA_16 specified by playerAnimator-common.mixins.json is higher than the maximum level supported by this version of mixin (JAVA_13).
[217月2026 21:47:30.045] [main/DEBUG] [mixin/]: Adding mixin platform agents for container SecureJarResource(irons_spellbooks)
[217月2026 21:47:30.045] [main/DEBUG] [mixin/]: Instancing new MixinPlatformAgentMinecraftForge for SecureJarResource(irons_spellbooks)
[217月2026 21:47:30.045] [main/DEBUG] [mixin/]: MixinPlatformAgentMinecraftForge rejected container SecureJarResource(irons_spellbooks)
[217月2026 21:47:30.045] [main/DEBUG] [mixin/]: Instancing new MixinPlatformAgentDefault for SecureJarResource(irons_spellbooks)
[217月2026 21:47:30.045] [main/DEBUG] [mixin/]: MixinPlatformAgentDefault accepted container SecureJarResource(irons_spellbooks)
[217月2026 21:47:30.045] [main/DEBUG] [mixin/]: Processing prepare() for PlatformAgent[MixinPlatformAgentDefault:SecureJarResource(irons_spellbooks)]
[217月2026 21:47:30.045] [main/DEBUG] [mixin/]: Registering mixin config: mixins.irons_spellbooks.json
[217月2026 21:47:30.046] [main/DEBUG] [mixin/]: Adding mixin platform agents for container SecureJarResource(jei)
[217月2026 21:47:30.046] [main/DEBUG] [mixin/]: Instancing new MixinPlatformAgentMinecraftForge for SecureJarResource(jei)
[217月2026 21:47:30.046] [main/DEBUG] [mixin/]: MixinPlatformAgentMinecraftForge rejected container SecureJarResource(jei)
[217月2026 21:47:30.046] [main/DEBUG] [mixin/]: Instancing new MixinPlatformAgentDefault for SecureJarResource(jei)
[217月2026 21:47:30.047] [main/DEBUG] [mixin/]: MixinPlatformAgentDefault accepted container SecureJarResource(jei)
[217月2026 21:47:30.047] [main/DEBUG] [mixin/]: Processing prepare() for PlatformAgent[MixinPlatformAgentDefault:SecureJarResource(jei)]
[217月2026 21:47:30.047] [main/DEBUG] [mixin/]: Adding mixin platform agents for container SecureJarResource(irons_lib)
[217月2026 21:47:30.047] [main/DEBUG] [mixin/]: Instancing new MixinPlatformAgentMinecraftForge for SecureJarResource(irons_lib)
[217月2026 21:47:30.047] [main/DEBUG] [mixin/]: MixinPlatformAgentMinecraftForge rejected container SecureJarResource(irons_lib)
[217月2026 21:47:30.047] [main/DEBUG] [mixin/]: Instancing new MixinPlatformAgentDefault for SecureJarResource(irons_lib)
[217月2026 21:47:30.047] [main/DEBUG] [mixin/]: MixinPlatformAgentDefault accepted container SecureJarResource(irons_lib)
[217月2026 21:47:30.047] [main/DEBUG] [mixin/]: Processing prepare() for PlatformAgent[MixinPlatformAgentDefault:SecureJarResource(irons_lib)]
[217月2026 21:47:30.047] [main/DEBUG] [mixin/]: Registering mixin config: irons_lib.mixins.json
[217月2026 21:47:30.049] [main/DEBUG] [mixin/]: Adding mixin platform agents for container SecureJarResource(kaleidoscope_cookery)
[217月2026 21:47:30.049] [main/DEBUG] [mixin/]: Instancing new MixinPlatformAgentMinecraftForge for SecureJarResource(kaleidoscope_cookery)
[217月2026 21:47:30.049] [main/DEBUG] [mixin/]: MixinPlatformAgentMinecraftForge rejected container SecureJarResource(kaleidoscope_cookery)
[217月2026 21:47:30.049] [main/DEBUG] [mixin/]: Instancing new MixinPlatformAgentDefault for SecureJarResource(kaleidoscope_cookery)
[217月2026 21:47:30.049] [main/DEBUG] [mixin/]: MixinPlatformAgentDefault accepted container SecureJarResource(kaleidoscope_cookery)
[217月2026 21:47:30.049] [main/DEBUG] [mixin/]: Processing prepare() for PlatformAgent[MixinPlatformAgentDefault:SecureJarResource(kaleidoscope_cookery)]
[217月2026 21:47:30.049] [main/DEBUG] [mixin/]: Registering mixin config: kaleidoscope_cookery.mixins.json
[217月2026 21:47:30.051] [main/DEBUG] [mixin/]: Adding mixin platform agents for container SecureJarResource(forge)
[217月2026 21:47:30.051] [main/DEBUG] [mixin/]: Instancing new MixinPlatformAgentMinecraftForge for SecureJarResource(forge)
[217月2026 21:47:30.051] [main/DEBUG] [mixin/]: MixinPlatformAgentMinecraftForge rejected container SecureJarResource(forge)
[217月2026 21:47:30.051] [main/DEBUG] [mixin/]: Instancing new MixinPlatformAgentDefault for SecureJarResource(forge)
[217月2026 21:47:30.053] [main/DEBUG] [mixin/]: MixinPlatformAgentDefault accepted container SecureJarResource(forge)
[217月2026 21:47:30.053] [main/DEBUG] [mixin/]: Processing prepare() for PlatformAgent[MixinPlatformAgentDefault:SecureJarResource(forge)]
[217月2026 21:47:30.053] [main/DEBUG] [mixin/]: Adding mixin platform agents for container SecureJarResource(appleskin)
[217月2026 21:47:30.053] [main/DEBUG] [mixin/]: Instancing new MixinPlatformAgentMinecraftForge for SecureJarResource(appleskin)
[217月2026 21:47:30.053] [main/DEBUG] [mixin/]: MixinPlatformAgentMinecraftForge rejected container SecureJarResource(appleskin)
[217月2026 21:47:30.053] [main/DEBUG] [mixin/]: Instancing new MixinPlatformAgentDefault for SecureJarResource(appleskin)
[217月2026 21:47:30.053] [main/DEBUG] [mixin/]: MixinPlatformAgentDefault accepted container SecureJarResource(appleskin)
[217月2026 21:47:30.053] [main/DEBUG] [mixin/]: Processing prepare() for PlatformAgent[MixinPlatformAgentDefault:SecureJarResource(appleskin)]
[217月2026 21:47:30.053] [main/DEBUG] [mixin/]: Adding mixin platform agents for container SecureJarResource(curios)
[217月2026 21:47:30.053] [main/DEBUG] [mixin/]: Instancing new MixinPlatformAgentMinecraftForge for SecureJarResource(curios)
[217月2026 21:47:30.053] [main/DEBUG] [mixin/]: MixinPlatformAgentMinecraftForge rejected container SecureJarResource(curios)
[217月2026 21:47:30.053] [main/DEBUG] [mixin/]: Instancing new MixinPlatformAgentDefault for SecureJarResource(curios)
[217月2026 21:47:30.053] [main/DEBUG] [mixin/]: MixinPlatformAgentDefault accepted container SecureJarResource(curios)
[217月2026 21:47:30.053] [main/DEBUG] [mixin/]: Processing prepare() for PlatformAgent[MixinPlatformAgentDefault:SecureJarResource(curios)]
[217月2026 21:47:30.054] [main/DEBUG] [mixin/]: Registering mixin config: curios.mixins.json
[217月2026 21:47:30.055] [main/DEBUG] [mixin/]: Adding mixin platform agents for container SecureJarResource(embeddium)
[217月2026 21:47:30.055] [main/DEBUG] [mixin/]: Instancing new MixinPlatformAgentMinecraftForge for SecureJarResource(embeddium)
[217月2026 21:47:30.055] [main/DEBUG] [mixin/]: MixinPlatformAgentMinecraftForge rejected container SecureJarResource(embeddium)
[217月2026 21:47:30.055] [main/DEBUG] [mixin/]: Instancing new MixinPlatformAgentDefault for SecureJarResource(embeddium)
[217月2026 21:47:30.055] [main/DEBUG] [mixin/]: MixinPlatformAgentDefault accepted container SecureJarResource(embeddium)
[217月2026 21:47:30.055] [main/DEBUG] [mixin/]: Processing prepare() for PlatformAgent[MixinPlatformAgentDefault:SecureJarResource(embeddium)]
[217月2026 21:47:30.055] [main/DEBUG] [mixin/]: Registering mixin config: embeddium.mixins.json
[217月2026 21:47:30.056] [main/DEBUG] [mixin/]: Adding mixin platform agents for container SecureJarResource(mclib)
[217月2026 21:47:30.056] [main/DEBUG] [mixin/]: Instancing new MixinPlatformAgentMinecraftForge for SecureJarResource(mclib)
[217月2026 21:47:30.056] [main/DEBUG] [mixin/]: MixinPlatformAgentMinecraftForge rejected container SecureJarResource(mclib)
[217月2026 21:47:30.056] [main/DEBUG] [mixin/]: Instancing new MixinPlatformAgentDefault for SecureJarResource(mclib)
[217月2026 21:47:30.056] [main/DEBUG] [mixin/]: MixinPlatformAgentDefault accepted container SecureJarResource(mclib)
[217月2026 21:47:30.056] [main/DEBUG] [mixin/]: Processing prepare() for PlatformAgent[MixinPlatformAgentDefault:SecureJarResource(mclib)]
[217月2026 21:47:30.057] [main/DEBUG] [mixin/]: Adding mixin platform agents for container SecureJarResource(MixinExtras)
[217月2026 21:47:30.057] [main/DEBUG] [mixin/]: Instancing new MixinPlatformAgentMinecraftForge for SecureJarResource(MixinExtras)
[217月2026 21:47:30.057] [main/DEBUG] [mixin/]: MixinPlatformAgentMinecraftForge rejected container SecureJarResource(MixinExtras)
[217月2026 21:47:30.057] [main/DEBUG] [mixin/]: Instancing new MixinPlatformAgentDefault for SecureJarResource(MixinExtras)
[217月2026 21:47:30.057] [main/DEBUG] [mixin/]: MixinPlatformAgentDefault accepted container SecureJarResource(MixinExtras)
[217月2026 21:47:30.057] [main/DEBUG] [mixin/]: Processing prepare() for PlatformAgent[MixinPlatformAgentDefault:SecureJarResource(MixinExtras)]
[217月2026 21:47:30.057] [main/DEBUG] [mixin/]: inject() running with 21 agents
[217月2026 21:47:30.057] [main/DEBUG] [mixin/]: Processing inject() for PlatformAgent[MixinPlatformAgentDefault:ModLauncher Root Container(ModLauncher:4f56a0a2)]
[217月2026 21:47:30.057] [main/DEBUG] [mixin/]: Processing inject() for PlatformAgent[MixinPlatformAgentDefault:SecureJarResource(farmersdelight)]
[217月2026 21:47:30.057] [main/DEBUG] [mixin/]: Processing inject() for PlatformAgent[MixinPlatformAgentDefault:SecureJarResource(minecraft)]
[217月2026 21:47:30.057] [main/DEBUG] [mixin/]: Processing inject() for PlatformAgent[MixinPlatformAgentDefault:SecureJarResource(farmers_spell)]
[217月2026 21:47:30.057] [main/DEBUG] [mixin/]: Processing inject() for PlatformAgent[MixinPlatformAgentDefault:SecureJarResource(mixinextras)]
[217月2026 21:47:30.057] [main/DEBUG] [mixin/]: Processing inject() for PlatformAgent[MixinPlatformAgentDefault:SecureJarResource(rhino)]
[217月2026 21:47:30.057] [main/DEBUG] [mixin/]: Processing inject() for PlatformAgent[MixinPlatformAgentDefault:SecureJarResource(jade)]
[217月2026 21:47:30.057] [main/DEBUG] [mixin/]: Processing inject() for PlatformAgent[MixinPlatformAgentDefault:SecureJarResource(geckolib)]
[217月2026 21:47:30.057] [main/DEBUG] [mixin/]: Processing inject() for PlatformAgent[MixinPlatformAgentDefault:SecureJarResource(architectury)]
[217月2026 21:47:30.057] [main/DEBUG] [mixin/]: Processing inject() for PlatformAgent[MixinPlatformAgentDefault:SecureJarResource(jeed)]
[217月2026 21:47:30.058] [main/DEBUG] [mixin/]: Processing inject() for PlatformAgent[MixinPlatformAgentDefault:SecureJarResource(playeranimator)]
[217月2026 21:47:30.058] [main/DEBUG] [mixin/]: Processing inject() for PlatformAgent[MixinPlatformAgentDefault:SecureJarResource(irons_spellbooks)]
[217月2026 21:47:30.058] [main/DEBUG] [mixin/]: Processing inject() for PlatformAgent[MixinPlatformAgentDefault:SecureJarResource(jei)]
[217月2026 21:47:30.058] [main/DEBUG] [mixin/]: Processing inject() for PlatformAgent[MixinPlatformAgentDefault:SecureJarResource(irons_lib)]
[217月2026 21:47:30.058] [main/DEBUG] [mixin/]: Processing inject() for PlatformAgent[MixinPlatformAgentDefault:SecureJarResource(kaleidoscope_cookery)]
[217月2026 21:47:30.058] [main/DEBUG] [mixin/]: Processing inject() for PlatformAgent[MixinPlatformAgentDefault:SecureJarResource(forge)]
[217月2026 21:47:30.058] [main/DEBUG] [mixin/]: Processing inject() for PlatformAgent[MixinPlatformAgentDefault:SecureJarResource(appleskin)]
[217月2026 21:47:30.058] [main/DEBUG] [mixin/]: Processing inject() for PlatformAgent[MixinPlatformAgentDefault:SecureJarResource(curios)]
[217月2026 21:47:30.058] [main/DEBUG] [mixin/]: Processing inject() for PlatformAgent[MixinPlatformAgentDefault:SecureJarResource(embeddium)]
[217月2026 21:47:30.058] [main/DEBUG] [mixin/]: Processing inject() for PlatformAgent[MixinPlatformAgentDefault:SecureJarResource(mclib)]
[217月2026 21:47:30.058] [main/DEBUG] [mixin/]: Processing inject() for PlatformAgent[MixinPlatformAgentDefault:SecureJarResource(MixinExtras)]
[217月2026 21:47:30.058] [main/INFO] [cpw.mods.modlauncher.LaunchServiceHandler/MODLAUNCHER]: Launching target 'forgedatauserdev' with arguments [--gameDir, ., --assetsDir, C:\Users\Administrator\.gradle\caches\forge_gradle\assets, --assetIndex, 5, --mod, farmers_spell, --output, D:\Farmer's spell 'n spell book-1.20.1-Forge\Kaleidoscope ChineseFood-1.20.1-Forge\src\generated\resources, --existing, D:\Farmer's spell 'n spell book-1.20.1-Forge\Kaleidoscope ChineseFood-1.20.1-Forge\src\main\resources]
[217月2026 21:47:30.136] [main/DEBUG] [mixin/]: Error cleaning class output directory: .mixin.out
[217月2026 21:47:30.139] [main/DEBUG] [mixin/]: Preparing mixins for MixinEnvironment[DEFAULT]
[217月2026 21:47:30.139] [main/DEBUG] [mixin/]: Selecting config farmersdelight.mixins.json
[217月2026 21:47:30.362] [main/INFO] [mixin/]: Remapping refMap farmersdelight.refmap.json using D:\Farmer's spell 'n spell book-1.20.1-Forge\Kaleidoscope ChineseFood-1.20.1-Forge\build/createSrgToMcp/output.srg
[217月2026 21:47:30.363] [main/DEBUG] [mixin/]: Selecting config mixinextras.init.mixins.json
[217月2026 21:47:30.397] [main/DEBUG] [MixinExtras|Service/]: com.llamalad7.mixinextras.service.MixinExtrasServiceImpl(version=0.3.6) is taking over from null
[217月2026 21:47:30.426] [main/DEBUG] [mixin/]: Registering new injector for @Inject with org.spongepowered.asm.mixin.injection.struct.CallbackInjectionInfo
[217月2026 21:47:30.427] [main/DEBUG] [mixin/]: Registering new injector for @ModifyArg with org.spongepowered.asm.mixin.injection.struct.ModifyArgInjectionInfo
[217月2026 21:47:30.428] [main/DEBUG] [mixin/]: Registering new injector for @ModifyArgs with org.spongepowered.asm.mixin.injection.struct.ModifyArgsInjectionInfo
[217月2026 21:47:30.430] [main/DEBUG] [mixin/]: Registering new injector for @Redirect with org.spongepowered.asm.mixin.injection.struct.RedirectInjectionInfo
[217月2026 21:47:30.431] [main/DEBUG] [mixin/]: Registering new injector for @ModifyVariable with org.spongepowered.asm.mixin.injection.struct.ModifyVariableInjectionInfo
[217月2026 21:47:30.432] [main/DEBUG] [mixin/]: Registering new injector for @ModifyConstant with org.spongepowered.asm.mixin.injection.struct.ModifyConstantInjectionInfo
[217月2026 21:47:30.443] [main/DEBUG] [mixin/]: Selecting config rhino-common.mixins.json
[217月2026 21:47:30.444] [main/INFO] [mixin/]: Remapping refMap rhino-common-refmap.json using D:\Farmer's spell 'n spell book-1.20.1-Forge\Kaleidoscope ChineseFood-1.20.1-Forge\build/createSrgToMcp/output.srg
[217月2026 21:47:30.444] [main/DEBUG] [mixin/]: Selecting config jade.mixins.json
[217月2026 21:47:30.445] [main/INFO] [mixin/]: Remapping refMap jade.refmap.json using D:\Farmer's spell 'n spell book-1.20.1-Forge\Kaleidoscope ChineseFood-1.20.1-Forge\build/createSrgToMcp/output.srg
[217月2026 21:47:30.445] [main/DEBUG] [mixin/]: Selecting config geckolib.mixins.json
[217月2026 21:47:30.446] [main/INFO] [mixin/]: Remapping refMap geckolib.refmap.json using D:\Farmer's spell 'n spell book-1.20.1-Forge\Kaleidoscope ChineseFood-1.20.1-Forge\build/createSrgToMcp/output.srg
[217月2026 21:47:30.446] [main/DEBUG] [mixin/]: Selecting config architectury.mixins.json
[217月2026 21:47:30.448] [main/INFO] [mixin/]: Remapping refMap architectury-forge-refmap.json using D:\Farmer's spell 'n spell book-1.20.1-Forge\Kaleidoscope ChineseFood-1.20.1-Forge\build/createSrgToMcp/output.srg
[217月2026 21:47:30.448] [main/DEBUG] [mixin/]: Selecting config architectury-common.mixins.json
[217月2026 21:47:30.449] [main/INFO] [mixin/]: Remapping refMap architectury-common-refmap.json using D:\Farmer's spell 'n spell book-1.20.1-Forge\Kaleidoscope ChineseFood-1.20.1-Forge\build/createSrgToMcp/output.srg
[217月2026 21:47:30.449] [main/DEBUG] [mixin/]: Selecting config jeed-common.mixins.json
[217月2026 21:47:30.450] [main/INFO] [mixin/]: Remapping refMap jeed-common-refmap.json using D:\Farmer's spell 'n spell book-1.20.1-Forge\Kaleidoscope ChineseFood-1.20.1-Forge\build/createSrgToMcp/output.srg
[217月2026 21:47:30.450] [main/DEBUG] [mixin/]: Selecting config jeed.mixins.json
[217月2026 21:47:30.452] [main/DEBUG] [mixin/]: Selecting config playerAnimator-common.mixins.json
[217月2026 21:47:30.453] [main/INFO] [mixin/]: Remapping refMap player-animation-lib-minecraft_common-refmap.json using D:\Farmer's spell 'n spell book-1.20.1-Forge\Kaleidoscope ChineseFood-1.20.1-Forge\build/createSrgToMcp/output.srg
[217月2026 21:47:30.453] [main/DEBUG] [mixin/]: Selecting config mixins.irons_spellbooks.json
[217月2026 21:47:30.455] [main/INFO] [mixin/]: Remapping refMap irons_spellbooks.refmap.json using D:\Farmer's spell 'n spell book-1.20.1-Forge\Kaleidoscope ChineseFood-1.20.1-Forge\build/createSrgToMcp/output.srg
[217月2026 21:47:30.455] [main/DEBUG] [mixin/]: Selecting config irons_lib.mixins.json
[217月2026 21:47:30.456] [main/INFO] [mixin/]: Remapping refMap irons_lib.refmap.json using D:\Farmer's spell 'n spell book-1.20.1-Forge\Kaleidoscope ChineseFood-1.20.1-Forge\build/createSrgToMcp/output.srg
[217月2026 21:47:30.456] [main/DEBUG] [mixin/]: Selecting config kaleidoscope_cookery.mixins.json
[217月2026 21:47:30.457] [main/INFO] [mixin/]: Remapping refMap kaleidoscope_cookery.refmap.json using D:\Farmer's spell 'n spell book-1.20.1-Forge\Kaleidoscope ChineseFood-1.20.1-Forge\build/createSrgToMcp/output.srg
[217月2026 21:47:30.457] [main/DEBUG] [mixin/]: Selecting config curios.mixins.json
[217月2026 21:47:30.458] [main/INFO] [mixin/]: Remapping refMap curios.refmap.json using D:\Farmer's spell 'n spell book-1.20.1-Forge\Kaleidoscope ChineseFood-1.20.1-Forge\build/createSrgToMcp/output.srg
[217月2026 21:47:30.458] [main/DEBUG] [mixin/]: Selecting config embeddium.mixins.json
[217月2026 21:47:30.464] [main/INFO] [Embeddium/]: Loaded configuration file for Embeddium: 63 options available, 0 override(s) found
[217月2026 21:47:30.466] [main/INFO] [Embeddium-GraphicsAdapterProbe/]: Searching for graphics cards...
[217月2026 21:47:30.560] [main/DEBUG] [oshi.util.FileUtil/]: No oshi.properties file found from ClassLoader cpw.mods.modlauncher.TransformingClassLoader@6d08b4e6
[217月2026 21:47:30.651] [main/INFO] [Embeddium-GraphicsAdapterProbe/]: Found graphics card: GraphicsAdapterInfo[vendor=UNKNOWN, name=OrayIddDriver Device, version=DriverVersion=17.50.19.949]
[217月2026 21:47:30.651] [main/INFO] [Embeddium-GraphicsAdapterProbe/]: Found graphics card: GraphicsAdapterInfo[vendor=AMD, name=AMD Radeon Pro VII, version=DriverVersion=31.0.21921.1000]
[217月2026 21:47:30.659] [main/INFO] [mixin/]: Remapping refMap embeddium-refmap.json using D:\Farmer's spell 'n spell book-1.20.1-Forge\Kaleidoscope ChineseFood-1.20.1-Forge\build/createSrgToMcp/output.srg
[217月2026 21:47:30.659] [main/DEBUG] [mixin/]: Preparing farmersdelight.mixins.json (14)
[217月2026 21:47:30.736] [main/DEBUG] [mixin/]: Preparing mixinextras.init.mixins.json (0)
[217月2026 21:47:30.736] [main/DEBUG] [mixin/]: Preparing rhino-common.mixins.json (8)
[217月2026 21:47:30.750] [main/DEBUG] [mixin/]: Preparing jade.mixins.json (2)
[217月2026 21:47:30.754] [main/DEBUG] [mixin/]: Preparing geckolib.mixins.json (1)
[217月2026 21:47:30.756] [main/DEBUG] [mixin/]: Preparing architectury.mixins.json (9)
[217月2026 21:47:30.793] [main/DEBUG] [mixin/]: Preparing architectury-common.mixins.json (10)
[217月2026 21:47:30.813] [main/DEBUG] [net.minecraftforge.coremod.transformer.CoreModBaseTransformer/COREMOD]: Transforming net/minecraft/world/item/BucketItem
[217月2026 21:47:30.825] [main/DEBUG] [net.minecraftforge.coremod.transformer.CoreModBaseTransformer/COREMOD]: Transforming net/minecraft/world/entity/EntityType
[217月2026 21:47:30.986] [main/DEBUG] [net.minecraftforge.coremod.transformer.CoreModBaseTransformer/COREMOD]: Transforming net/minecraft/world/level/block/LiquidBlock
[217月2026 21:47:30.992] [main/DEBUG] [mixin/]: Preparing jeed-common.mixins.json (2)
[217月2026 21:47:30.995] [main/DEBUG] [mixin/]: Preparing jeed.mixins.json (0)
[217月2026 21:47:30.996] [main/DEBUG] [mixin/]: Preparing playerAnimator-common.mixins.json (14)
[217月2026 21:47:31.043] [main/DEBUG] [mixin/]: Preparing mixins.irons_spellbooks.json (33)
[217月2026 21:47:31.079] [main/DEBUG] [net.minecraftforge.coremod.transformer.CoreModBaseTransformer/COREMOD]: Transforming net/minecraft/world/item/ItemStack
[217月2026 21:47:31.141] [main/DEBUG] [mixin/]: Preparing irons_lib.mixins.json (10)
[217月2026 21:47:31.152] [main/DEBUG] [mixin/]: Preparing kaleidoscope_cookery.mixins.json (6)
[217月2026 21:47:31.159] [main/DEBUG] [net.minecraftforge.coremod.transformer.CoreModBaseTransformer/COREMOD]: Transforming net/minecraft/world/entity/npc/Villager
[217月2026 21:47:31.236] [main/DEBUG] [mixin/]: Preparing curios.mixins.json (13)
[217月2026 21:47:31.253] [main/DEBUG] [mixin/]: Preparing embeddium.mixins.json (0)
[217月2026 21:47:31.282] [main/DEBUG] [mixin/]: Inner class io/redspace/ironsspellbooks/mixin/DispenserBlockMixin$1 in io/redspace/ironsspellbooks/mixin/DispenserBlockMixin on net/minecraft/world/level/block/DispenserBlock gets unique name net/minecraft/world/level/block/DispenserBlock$Anonymous$c6a73c4528cd4b0eb2ce1245098634de
[217月2026 21:47:31.422] [main/DEBUG] [net.minecraftforge.coremod.transformer.CoreModBaseTransformer/COREMOD]: Transforming net/minecraft/world/level/biome/Biome
[217月2026 21:47:31.523] [main/DEBUG] [mixin/]: Prepared 121 mixins in 1.382 sec (11.4ms avg) (0ms load, 0ms transform, 0ms plugin)
[217月2026 21:47:31.646] [main/DEBUG] [io.netty.util.internal.logging.InternalLoggerFactory/]: Using SLF4J as the default logging framework
[217月2026 21:47:31.648] [main/DEBUG] [io.netty.util.ResourceLeakDetector/]: -Dio.netty.leakDetection.level: simple
[217月2026 21:47:31.648] [main/DEBUG] [io.netty.util.ResourceLeakDetector/]: -Dio.netty.leakDetection.targetRecords: 4
[217月2026 21:47:31.667] [main/INFO] [MixinExtras|Service/]: Initializing MixinExtras via com.llamalad7.mixinextras.service.MixinExtrasServiceImpl(version=0.3.6).
[217月2026 21:47:31.668] [main/DEBUG] [mixin/]: Registering new injector for @SugarWrapper with com.llamalad7.mixinextras.sugar.impl.SugarWrapperInjectionInfo
[217月2026 21:47:31.669] [main/DEBUG] [mixin/]: Registering new injector for @FactoryRedirectWrapper with com.llamalad7.mixinextras.wrapper.factory.FactoryRedirectWrapperInjectionInfo
[217月2026 21:47:31.673] [main/DEBUG] [mixin/]: Mixing TextColorMixin from rhino-common.mixins.json into net.minecraft.network.chat.TextColor
[217月2026 21:47:31.706] [main/DEBUG] [mixin/]: Mixing ChatFormattingMixin from rhino-common.mixins.json into net.minecraft.ChatFormatting
[217月2026 21:47:31.771] [main/DEBUG] [mixin/]: Mixing ResourceLocationMixin from rhino-common.mixins.json into net.minecraft.resources.ResourceLocation
[217月2026 21:47:31.798] [main/INFO] [net.minecraftforge.data.loading.DatagenModLoader/]: Initializing Data Gatherer for mods [farmers_spell]
[217月2026 21:47:31.811] [main/DEBUG] [mixin/]: Mixing ResourceKeyMixin from rhino-common.mixins.json into net.minecraft.resources.ResourceKey
[217月2026 21:47:31.857] [main/DEBUG] [mixin/]: Mixing inject.MixinGameEvent from architectury-common.mixins.json into net.minecraft.world.level.gameevent.GameEvent
[217月2026 21:47:31.883] [main/DEBUG] [mixin/]: Mixing inject.MixinBlock from architectury-common.mixins.json into net.minecraft.world.level.block.Block
[217月2026 21:47:31.911] [main/DEBUG] [mixin/]: Mixing EntityAccessor from mixins.irons_spellbooks.json into net.minecraft.world.entity.Entity
[217月2026 21:47:31.927] [main/DEBUG] [mixin/]: Mixing EntityMixin from mixins.irons_spellbooks.json into net.minecraft.world.entity.Entity
[217月2026 21:47:31.935] [main/DEBUG] [mixin/]: Mixing ClientEntityMixin from mixins.irons_spellbooks.json into net.minecraft.world.entity.Entity
[217月2026 21:47:31.947] [main/DEBUG] [mixin/]: Mixing AccessorEntity from curios.mixins.json into net.minecraft.world.entity.Entity
[217月2026 21:47:32.043] [main/DEBUG] [mixin/]: Mixing LivingEntityAccessor from mixins.irons_spellbooks.json into net.minecraft.world.entity.LivingEntity
[217月2026 21:47:32.050] [main/DEBUG] [mixin/]: Mixing LivingEntityMixin from mixins.irons_spellbooks.json into net.minecraft.world.entity.LivingEntity
[217月2026 21:47:32.053] [main/DEBUG] [mixin/]: Renaming synthetic method lambda$static$1(Lnet/minecraft/world/entity/ai/attributes/Attribute;)Z to mda679f8$lambda$static$1$0 in mixins.irons_spellbooks.json:LivingEntityMixin
[217月2026 21:47:32.053] [main/DEBUG] [mixin/]: Renaming synthetic method lambda$static$0(Lnet/minecraft/world/entity/ai/attributes/Attribute;)Z to mda679f8$lambda$static$0$1 in mixins.irons_spellbooks.json:LivingEntityMixin
[217月2026 21:47:32.069] [main/DEBUG] [net.minecraftforge.coremod.transformer.CoreModBaseTransformer/COREMOD]: Transforming net/minecraft/world/effect/MobEffectInstance
[217月2026 21:47:32.103] [main/DEBUG] [mixin/]: Mixing CommonLivingEntityMixin from irons_lib.mixins.json into net.minecraft.world.entity.LivingEntity
[217月2026 21:47:32.107] [main/DEBUG] [mixin/]: Mixing ClientLivingEntityMixin from irons_lib.mixins.json into net.minecraft.world.entity.LivingEntity
[217月2026 21:47:32.109] [main/DEBUG] [mixin/]: Mixing LivingEntityMixin from kaleidoscope_cookery.mixins.json into net.minecraft.world.entity.LivingEntity
[217月2026 21:47:32.115] [main/DEBUG] [mixin/]: Mixing MixinLivingEntity from curios.mixins.json into net.minecraft.world.entity.LivingEntity
[217月2026 21:47:32.328] [main/DEBUG] [mixin/]: Mixing NourishmentAlwaysEatMixin from farmersdelight.mixins.json into net.minecraft.world.entity.player.Player
[217月2026 21:47:32.329] [main/DEBUG] [mixin/]: Mixing PlayerEntityMixin from playerAnimator-common.mixins.json into net.minecraft.world.entity.player.Player
[217月2026 21:47:32.329] [main/DEBUG] [mixin/]: playerAnimator-common.mixins.json:PlayerEntityMixin: Class version 61 required is higher than the class version supported by the current version of Mixin (JAVA_16 supports class version 60)
[217月2026 21:47:32.341] [main/DEBUG] [mixin/]: Mixing PlayerMixin from mixins.irons_spellbooks.json into net.minecraft.world.entity.player.Player
[217月2026 21:47:32.344] [main/DEBUG] [mixin/]: Mixing PlayerAccessor from irons_lib.mixins.json into net.minecraft.world.entity.player.Player
[217月2026 21:47:32.345] [main/DEBUG] [mixin/]: Renaming @Accessor method getDataPlayerModeCustomisation()Lnet/minecraft/network/syncher/EntityDataAccessor; to getDataPlayerModeCustomisation_$md$a679f8$0 in irons_lib.mixins.json:PlayerAccessor
[217月2026 21:47:32.350] [main/DEBUG] [mixin/]: Mixing ClientPlayerMixin from irons_lib.mixins.json into net.minecraft.world.entity.player.Player
[217月2026 21:47:32.408] [main/DEBUG] [mixin/]: Mixing LevelMixin from mixins.irons_spellbooks.json into net.minecraft.world.level.Level
[217月2026 21:47:32.461] [main/DEBUG] [mixin/]: Mixing inject.MixinFluid from architectury-common.mixins.json into net.minecraft.world.level.material.Fluid
[217月2026 21:47:32.466] [main/DEBUG] [mixin/]: Mixing PlacePumpkinPieMixin from farmersdelight.mixins.json into net.minecraft.world.item.Item
[217月2026 21:47:32.494] [main/DEBUG] [mixin/]: Mixing inject.MixinItem from architectury-common.mixins.json into net.minecraft.world.item.Item
[217月2026 21:47:32.495] [main/DEBUG] [mixin/]: Mixing ItemMixin from mixins.irons_spellbooks.json into net.minecraft.world.item.Item
[217月2026 21:47:32.523] [main/DEBUG] [net.minecraftforge.coremod.transformer.CoreModBaseTransformer/COREMOD]: Transforming net/minecraft/world/entity/EntityType
[217月2026 21:47:32.551] [main/DEBUG] [mixin/]: Mixing inject.MixinEntityType from architectury-common.mixins.json into net.minecraft.world.entity.EntityType
[217月2026 21:47:32.564] [main/DEBUG] [mixin/]: Mixing MobEffectMixin from mixins.irons_spellbooks.json into net.minecraft.world.effect.MobEffect
[217月2026 21:47:32.609] [main/DEBUG] [mixin/]: Mixing KeepRichSoilGiantTreeMixin from farmersdelight.mixins.json into net.minecraft.world.level.levelgen.feature.Feature
[217月2026 21:47:32.609] [main/DEBUG] [mixin/]: Renaming synthetic method lambda$keepRichSoil$0(Lnet/minecraft/world/level/block/state/BlockState;)Z to mda679f8$lambda$keepRichSoil$0$0 in farmersdelight.mixins.json:KeepRichSoilGiantTreeMixin
[217月2026 21:47:32.658] [main/DEBUG] [mixin/]: Mixing features.render.immediate.DirectionMixin from embeddium.mixins.json into net.minecraft.core.Direction
[217月2026 21:47:32.659] [main/DEBUG] [mixin/]: Mixing DirectionMixin from rhino-common.mixins.json into net.minecraft.core.Direction
[217月2026 21:47:32.826] [main/DEBUG] [net.minecraftforge.coremod.transformer.CoreModBaseTransformer/COREMOD]: Transforming net/minecraft/world/level/block/LiquidBlock
[217月2026 21:47:32.826] [main/DEBUG] [mixin/]: Mixing inject.MixinLiquidBlock from architectury-common.mixins.json into net.minecraft.world.level.block.LiquidBlock
[217月2026 21:47:32.835] [main/DEBUG] [mixin/]: Mixing features.options.render_layers.LeavesBlockMixin from embeddium.mixins.json into net.minecraft.world.level.block.LeavesBlock
[217月2026 21:47:32.868] [main/DEBUG] [mixin/]: Mixing CuttingBoardDispenserMixin from farmersdelight.mixins.json into net.minecraft.world.level.block.DispenserBlock
[217月2026 21:47:32.878] [main/DEBUG] [mixin/]: Mixing DispenserBlockMixin from mixins.irons_spellbooks.json into net.minecraft.world.level.block.DispenserBlock
[217月2026 21:47:32.940] [main/DEBUG] [net.minecraftforge.coremod.transformer.CoreModBaseTransformer/COREMOD]: Transforming net/minecraft/world/level/block/StairBlock
[217月2026 21:47:32.952] [main/DEBUG] [mixin/]: Mixing KeepRichSoilUntrampledMixin from farmersdelight.mixins.json into net.minecraft.world.level.block.FarmBlock
[217月2026 21:47:32.983] [main/DEBUG] [mixin/]: Mixing RopeFenceConnectionMixin from farmersdelight.mixins.json into net.minecraft.world.level.block.FenceBlock
[217月2026 21:47:33.035] [main/DEBUG] [net.minecraftforge.coremod.transformer.CoreModBaseTransformer/COREMOD]: Transforming net/minecraft/world/level/block/FlowerPotBlock
[217月2026 21:47:33.093] [main/DEBUG] [mixin/]: Mixing CampfireBaleMixin from farmersdelight.mixins.json into net.minecraft.world.level.block.CampfireBlock
[217月2026 21:47:33.118] [main/DEBUG] [mixin/]: Mixing PowderSnowBlockMixin from kaleidoscope_cookery.mixins.json into net.minecraft.world.level.block.PowderSnowBlock
[217月2026 21:47:33.119] [main/DEBUG] [mixin/]: Mixing MixinPowderSnowBlock from curios.mixins.json into net.minecraft.world.level.block.PowderSnowBlock
[217月2026 21:47:33.242] [main/DEBUG] [mixin/]: Mixing DyeColorMixin from rhino-common.mixins.json into net.minecraft.world.item.DyeColor
[217月2026 21:47:33.256] [main/DEBUG] [mixin/]: Mixing MixinFallingBlockEntity from architectury.mixins.json into net.minecraft.world.entity.item.FallingBlockEntity
[217月2026 21:47:33.257] [main/DEBUG] [mixin/]: Mixing FallingBlockEntityMixin from kaleidoscope_cookery.mixins.json into net.minecraft.world.entity.item.FallingBlockEntity
[217月2026 21:47:33.488] [main/DEBUG] [mixin/]: Mixing KeepRichSoilTreeMixin from farmersdelight.mixins.json into net.minecraft.world.level.levelgen.feature.trunkplacers.TrunkPlacer
[217月2026 21:47:33.489] [main/DEBUG] [mixin/]: Renaming synthetic method lambda$cancelSetDirtIfRichSoil$0(Lnet/minecraft/world/level/block/state/BlockState;)Z to mda679f8$lambda$cancelSetDirtIfRichSoil$0$0 in farmersdelight.mixins.json:KeepRichSoilTreeMixin
[217月2026 21:47:33.715] [main/DEBUG] [mixin/]: Mixing AbstractArrowAccessor from mixins.irons_spellbooks.json into net.minecraft.world.entity.projectile.AbstractArrow
[217月2026 21:47:33.823] [main/DEBUG] [net.minecraftforge.coremod.transformer.CoreModBaseTransformer/COREMOD]: Transforming net/minecraft/world/item/ItemStack
[217月2026 21:47:33.824] [main/DEBUG] [mixin/]: Mixing ItemStackMixin from mixins.irons_spellbooks.json into net.minecraft.world.item.ItemStack
[217月2026 21:47:33.834] [main/DEBUG] [mixin/]: Mixing IItemExtensionMixin from mixins.irons_spellbooks.json into net.minecraftforge.common.extensions.IForgeItemStack
[217月2026 21:47:34.127] [main/DEBUG] [mixin/]: Mixing LecternBlockEntityMixin from mixins.irons_spellbooks.json into net.minecraft.world.level.block.entity.LecternBlockEntity
[217月2026 21:47:34.277] [main/DEBUG] [mixin/]: Mixing MixinLightningBolt from architectury-common.mixins.json into net.minecraft.world.entity.LightningBolt
[217月2026 21:47:34.341] [main/DEBUG] [net.minecraftforge.coremod.transformer.CoreModBaseTransformer/COREMOD]: Transforming net/minecraft/world/entity/animal/frog/Tadpole
[217月2026 21:47:34.365] [main/DEBUG] [mixin/]: Mixing FlintAnSteelItemMixin from mixins.irons_spellbooks.json into net.minecraft.world.item.FlintAndSteelItem
[217月2026 21:47:34.365] [main/DEBUG] [mixin/]: Renaming synthetic method lambda$useOn$0(Lnet/minecraft/world/item/context/UseOnContext;Lnet/minecraft/world/entity/player/Player;)V to mda679f8$lambda$useOn$0$0 in mixins.irons_spellbooks.json:FlintAnSteelItemMixin
[217月2026 21:47:34.387] [main/DEBUG] [mixin/]: Mixing SoupItemMixin from farmersdelight.mixins.json into net.minecraft.world.item.BowlFoodItem
[217月2026 21:47:34.402] [main/DEBUG] [net.minecraftforge.coremod.transformer.CoreModBaseTransformer/COREMOD]: Transforming net/minecraft/world/item/BucketItem
[217月2026 21:47:34.402] [main/DEBUG] [mixin/]: Mixing inject.MixinBucketItem from architectury-common.mixins.json into net.minecraft.world.item.BucketItem
[217月2026 21:47:34.407] [main/DEBUG] [mixin/]: Mixing MobBucketItemAccessor from kaleidoscope_cookery.mixins.json into net.minecraft.world.item.MobBucketItem
[217月2026 21:47:34.411] [main/DEBUG] [mixin/]: Mixing MobBucketItemMixin from kaleidoscope_cookery.mixins.json into net.minecraft.world.item.MobBucketItem
[217月2026 21:47:34.427] [main/DEBUG] [mixin/]: Mixing MixinShearsItem from curios.mixins.json into net.minecraft.world.item.ShearsItem
[217月2026 21:47:34.469] [main/DEBUG] [mixin/]: Mixing TridentItemMixin from mixins.irons_spellbooks.json into net.minecraft.world.item.TridentItem
[217月2026 21:47:34.486] [main/DEBUG] [mixin/]: Mixing inject.MixinItemProperties from architectury-common.mixins.json into net.minecraft.world.item.Item$Properties
[217月2026 21:47:34.754] [main/DEBUG] [mixin/]: Mixing StringTagMixin from rhino-common.mixins.json into net.minecraft.nbt.StringTag
[217月2026 21:47:35.055] [main/DEBUG] [mixin/]: Mixing ArmorStandAccessor from irons_lib.mixins.json into net.minecraft.world.entity.decoration.ArmorStand
[217月2026 21:47:35.061] [main/DEBUG] [mixin/]: Mixing ClientArmorStandMixin from irons_lib.mixins.json into net.minecraft.world.entity.decoration.ArmorStand
[217月2026 21:47:35.124] [main/DEBUG] [net.minecraftforge.coremod.transformer.CoreModBaseTransformer/COREMOD]: Transforming net/minecraft/world/entity/monster/Spider
[217月2026 21:47:35.153] [main/DEBUG] [mixin/]: Mixing CreeperMixin from mixins.irons_spellbooks.json into net.minecraft.world.entity.monster.Creeper
[217月2026 21:47:35.200] [main/DEBUG] [net.minecraftforge.coremod.transformer.CoreModBaseTransformer/COREMOD]: Transforming net/minecraft/world/entity/monster/Zombie
[217月2026 21:47:35.223] [main/DEBUG] [net.minecraftforge.coremod.transformer.CoreModBaseTransformer/COREMOD]: Transforming net/minecraft/world/entity/monster/ZombieVillager
[217月2026 21:47:35.269] [main/DEBUG] [net.minecraftforge.coremod.transformer.CoreModBaseTransformer/COREMOD]: Transforming net/minecraft/world/entity/monster/Evoker$EvokerSummonSpellGoal
[217月2026 21:47:35.385] [main/DEBUG] [mixin/]: Mixing RabbitsEatCabbageMixin from farmersdelight.mixins.json into net.minecraft.world.entity.animal.Rabbit
[217月2026 21:47:35.414] [main/DEBUG] [net.minecraftforge.coremod.transformer.CoreModBaseTransformer/COREMOD]: Transforming net/minecraft/world/entity/animal/horse/SkeletonTrapGoal
[217月2026 21:47:35.429] [main/DEBUG] [net.minecraftforge.coremod.transformer.CoreModBaseTransformer/COREMOD]: Transforming net/minecraft/world/entity/monster/Strider
[217月2026 21:47:35.488] [main/DEBUG] [mixin/]: Mixing VillagersTargetRichSoilMixin from farmersdelight.mixins.json into net.minecraft.world.entity.ai.sensing.SecondaryPoiSensor
[217月2026 21:47:35.565] [main/DEBUG] [net.minecraftforge.coremod.transformer.CoreModBaseTransformer/COREMOD]: Transforming net/minecraft/world/entity/npc/Villager
[217月2026 21:47:35.600] [main/DEBUG] [mixin/]: Mixing VillagerMixin from kaleidoscope_cookery.mixins.json into net.minecraft.world.entity.npc.Villager
[217月2026 21:47:35.676] [main/DEBUG] [mixin/]: Mixing inject.MixinFoodPropertiesBuilder from architectury-common.mixins.json into net.minecraft.world.food.FoodProperties$Builder
[217月2026 21:47:35.679] [main/DEBUG] [net.minecraftforge.coremod.transformer.CoreModBaseTransformer/COREMOD]: Transforming net/minecraft/world/effect/MobEffectInstance
[217月2026 21:47:35.732] [main/DEBUG] [mixin/]: Mixing NumericTagMixin from rhino-common.mixins.json into net.minecraft.nbt.NumericTag
[217月2026 21:47:35.852] [main/DEBUG] [mixin/]: Mixing MixinInventory from curios.mixins.json into net.minecraft.world.entity.player.Inventory
[217月2026 21:47:35.990] [main/DEBUG] [mixin/]: Mixing MixinApplyBonusCount from curios.mixins.json into net.minecraft.world.level.storage.loot.functions.ApplyBonusCount
[217月2026 21:47:36.243] [main/DEBUG] [net.minecraftforge.coremod.transformer.CoreModBaseTransformer/COREMOD]: Transforming net/minecraft/world/level/levelgen/structure/Structure
[217月2026 21:47:36.278] [main/DEBUG] [net.minecraftforge.coremod.transformer.CoreModBaseTransformer/COREMOD]: Transforming net/minecraft/world/level/levelgen/structure/structures/OceanRuinPieces$OceanRuinPiece
[217月2026 21:47:36.288] [main/DEBUG] [net.minecraftforge.coremod.transformer.CoreModBaseTransformer/COREMOD]: Transforming net/minecraft/world/level/levelgen/structure/structures/SwampHutPiece
[217月2026 21:47:36.296] [main/DEBUG] [net.minecraftforge.coremod.transformer.CoreModBaseTransformer/COREMOD]: Transforming net/minecraft/world/level/levelgen/structure/structures/OceanMonumentPieces$OceanMonumentPiece
[217月2026 21:47:36.311] [main/DEBUG] [net.minecraftforge.coremod.transformer.CoreModBaseTransformer/COREMOD]: Transforming net/minecraft/world/level/levelgen/structure/structures/WoodlandMansionPieces$WoodlandMansionPiece
[217月2026 21:47:36.418] [main/DEBUG] [net.minecraftforge.coremod.transformer.CoreModBaseTransformer/COREMOD]: Transforming net/minecraft/world/level/biome/Biome
[217月2026 21:47:36.418] [main/DEBUG] [mixin/]: Mixing features.world.biome.BiomeMixin from embeddium.mixins.json into net.minecraft.world.level.biome.Biome
[217月2026 21:47:36.485] [main/DEBUG] [mixin/]: Mixing NoiseChunkGeneratorMixin from mixins.irons_spellbooks.json into net.minecraft.world.level.levelgen.NoiseBasedChunkGenerator
[217月2026 21:47:36.487] [main/DEBUG] [mixin/]: Renaming synthetic method lambda$irons_spellbooks$detectAquifers$2(I)[Lnet/minecraft/world/level/levelgen/structure/BoundingBox; to mda679f8$lambda$irons_spellbooks$detectAquifers$2$0 in mixins.irons_spellbooks.json:NoiseChunkGeneratorMixin
[217月2026 21:47:36.487] [main/DEBUG] [mixin/]: Renaming synthetic method lambda$irons_spellbooks$detectAquifers$1(Lnet/minecraft/world/level/levelgen/structure/StructureStart;)Ljava/util/stream/Stream; to mda679f8$lambda$irons_spellbooks$detectAquifers$1$1 in mixins.irons_spellbooks.json:NoiseChunkGeneratorMixin
[217月2026 21:47:36.487] [main/DEBUG] [mixin/]: Renaming synthetic method lambda$irons_spellbooks$detectAquifers$0(Lnet/minecraft/world/level/StructureManager;Lnet/minecraft/world/level/levelgen/structure/Structure;)Z to mda679f8$lambda$irons_spellbooks$detectAquifers$0$2 in mixins.irons_spellbooks.json:NoiseChunkGeneratorMixin
[217月2026 21:47:36.495] [main/DEBUG] [net.minecraftforge.coremod.transformer.CoreModBaseTransformer/COREMOD]: Transforming net/minecraft/world/level/levelgen/structure/Structure
[217月2026 21:47:36.652] [main/DEBUG] [net.minecraftforge.registries.GameData/REGISTRIES]: Creating vanilla freeze snapshot
[217月2026 21:47:36.654] [main/DEBUG] [net.minecraftforge.registries.ForgeRegistry/REGISTRIES]: Registry minecraft:block Sync: VANILLA -> ACTIVE
[217月2026 21:47:36.665] [main/DEBUG] [net.minecraftforge.registries.ForgeRegistry/REGISTRIES]: Registry minecraft:fluid Sync: VANILLA -> ACTIVE
[217月2026 21:47:36.665] [main/DEBUG] [net.minecraftforge.registries.ForgeRegistry/REGISTRIES]: Registry minecraft:item Sync: VANILLA -> ACTIVE
[217月2026 21:47:36.674] [main/DEBUG] [net.minecraftforge.registries.ForgeRegistry/REGISTRIES]: Registry minecraft:mob_effect Sync: VANILLA -> ACTIVE
[217月2026 21:47:36.674] [main/DEBUG] [net.minecraftforge.registries.ForgeRegistry/REGISTRIES]: Registry minecraft:sound_event Sync: VANILLA -> ACTIVE
[217月2026 21:47:36.683] [main/DEBUG] [net.minecraftforge.registries.ForgeRegistry/REGISTRIES]: Registry minecraft:potion Sync: VANILLA -> ACTIVE
[217月2026 21:47:36.684] [main/DEBUG] [net.minecraftforge.registries.ForgeRegistry/REGISTRIES]: Registry minecraft:enchantment Sync: VANILLA -> ACTIVE
[217月2026 21:47:36.684] [main/DEBUG] [net.minecraftforge.registries.ForgeRegistry/REGISTRIES]: Registry minecraft:entity_type Sync: VANILLA -> ACTIVE
[217月2026 21:47:36.685] [main/DEBUG] [net.minecraftforge.registries.ForgeRegistry/REGISTRIES]: Registry minecraft:block_entity_type Sync: VANILLA -> ACTIVE
[217月2026 21:47:36.685] [main/DEBUG] [net.minecraftforge.registries.ForgeRegistry/REGISTRIES]: Registry minecraft:particle_type Sync: VANILLA -> ACTIVE
[217月2026 21:47:36.686] [main/DEBUG] [net.minecraftforge.registries.ForgeRegistry/REGISTRIES]: Registry minecraft:menu Sync: VANILLA -> ACTIVE
[217月2026 21:47:36.686] [main/DEBUG] [net.minecraftforge.registries.ForgeRegistry/REGISTRIES]: Registry minecraft:painting_variant Sync: VANILLA -> ACTIVE
[217月2026 21:47:36.686] [main/DEBUG] [net.minecraftforge.registries.ForgeRegistry/REGISTRIES]: Registry minecraft:recipe_type Sync: VANILLA -> ACTIVE
[217月2026 21:47:36.686] [main/DEBUG] [net.minecraftforge.registries.ForgeRegistry/REGISTRIES]: Registry minecraft:recipe_serializer Sync: VANILLA -> ACTIVE
[217月2026 21:47:36.687] [main/DEBUG] [net.minecraftforge.registries.ForgeRegistry/REGISTRIES]: Registry minecraft:attribute Sync: VANILLA -> ACTIVE
[217月2026 21:47:36.687] [main/DEBUG] [net.minecraftforge.registries.ForgeRegistry/REGISTRIES]: Registry minecraft:stat_type Sync: VANILLA -> ACTIVE
[217月2026 21:47:36.687] [main/DEBUG] [net.minecraftforge.registries.ForgeRegistry/REGISTRIES]: Registry minecraft:command_argument_type Sync: VANILLA -> ACTIVE
[217月2026 21:47:36.687] [main/DEBUG] [net.minecraftforge.registries.ForgeRegistry/REGISTRIES]: Registry minecraft:villager_profession Sync: VANILLA -> ACTIVE
[217月2026 21:47:36.688] [main/DEBUG] [net.minecraftforge.registries.ForgeRegistry/REGISTRIES]: Registry minecraft:point_of_interest_type Sync: VANILLA -> ACTIVE
[217月2026 21:47:36.689] [main/DEBUG] [net.minecraftforge.registries.ForgeRegistry/REGISTRIES]: Registry minecraft:memory_module_type Sync: VANILLA -> ACTIVE
[217月2026 21:47:36.690] [main/DEBUG] [net.minecraftforge.registries.ForgeRegistry/REGISTRIES]: Registry minecraft:sensor_type Sync: VANILLA -> ACTIVE
[217月2026 21:47:36.690] [main/DEBUG] [net.minecraftforge.registries.ForgeRegistry/REGISTRIES]: Registry minecraft:schedule Sync: VANILLA -> ACTIVE
[217月2026 21:47:36.691] [main/DEBUG] [net.minecraftforge.registries.ForgeRegistry/REGISTRIES]: Registry minecraft:activity Sync: VANILLA -> ACTIVE
[217月2026 21:47:36.691] [main/DEBUG] [net.minecraftforge.registries.ForgeRegistry/REGISTRIES]: Registry minecraft:worldgen/carver Sync: VANILLA -> ACTIVE
[217月2026 21:47:36.691] [main/DEBUG] [net.minecraftforge.registries.ForgeRegistry/REGISTRIES]: Registry minecraft:worldgen/feature Sync: VANILLA -> ACTIVE
[217月2026 21:47:36.691] [main/DEBUG] [net.minecraftforge.registries.ForgeRegistry/REGISTRIES]: Registry minecraft:chunk_status Sync: VANILLA -> ACTIVE
[217月2026 21:47:36.691] [main/DEBUG] [net.minecraftforge.registries.ForgeRegistry/REGISTRIES]: Registry minecraft:worldgen/block_state_provider_type Sync: VANILLA -> ACTIVE
[217月2026 21:47:36.692] [main/DEBUG] [net.minecraftforge.registries.ForgeRegistry/REGISTRIES]: Registry minecraft:worldgen/foliage_placer_type Sync: VANILLA -> ACTIVE
[217月2026 21:47:36.692] [main/DEBUG] [net.minecraftforge.registries.ForgeRegistry/REGISTRIES]: Registry minecraft:worldgen/tree_decorator_type Sync: VANILLA -> ACTIVE
[217月2026 21:47:36.692] [main/DEBUG] [net.minecraftforge.registries.ForgeRegistry/REGISTRIES]: Registry minecraft:worldgen/biome Sync: VANILLA -> ACTIVE
[217月2026 21:47:36.697] [main/DEBUG] [net.minecraftforge.registries.GameData/REGISTRIES]: Vanilla freeze snapshot created
[217月2026 21:47:36.714] [main/DEBUG] [io.netty.util.internal.PlatformDependent0/]: -Dio.netty.noUnsafe: false
[217月2026 21:47:36.715] [main/DEBUG] [io.netty.util.internal.PlatformDependent0/]: Java version: 17
[217月2026 21:47:36.715] [main/DEBUG] [io.netty.util.internal.PlatformDependent0/]: sun.misc.Unsafe.theUnsafe: available
[217月2026 21:47:36.716] [main/DEBUG] [io.netty.util.internal.PlatformDependent0/]: sun.misc.Unsafe.copyMemory: available
[217月2026 21:47:36.716] [main/DEBUG] [io.netty.util.internal.PlatformDependent0/]: sun.misc.Unsafe.storeFence: available
[217月2026 21:47:36.716] [main/DEBUG] [io.netty.util.internal.PlatformDependent0/]: java.nio.Buffer.address: available
[217月2026 21:47:36.716] [main/DEBUG] [io.netty.util.internal.PlatformDependent0/]: direct buffer constructor: unavailable
java.lang.UnsupportedOperationException: Reflective setAccessible(true) disabled
	at io.netty.util.internal.ReflectionUtil.trySetAccessible(ReflectionUtil.java:31) ~[netty-common-4.1.82.Final.jar:4.1.82.Final]
	at io.netty.util.internal.PlatformDependent0$5.run(PlatformDependent0.java:288) ~[netty-common-4.1.82.Final.jar:4.1.82.Final]
	at java.security.AccessController.doPrivileged(AccessController.java:318) ~[?:?]
	at io.netty.util.internal.PlatformDependent0.<clinit>(PlatformDependent0.java:282) ~[netty-common-4.1.82.Final.jar:4.1.82.Final]
	at io.netty.util.internal.PlatformDependent.isAndroid(PlatformDependent.java:333) ~[netty-common-4.1.82.Final.jar:4.1.82.Final]
	at io.netty.util.internal.PlatformDependent.<clinit>(PlatformDependent.java:88) ~[netty-common-4.1.82.Final.jar:4.1.82.Final]
	at io.netty.util.ConstantPool.<init>(ConstantPool.java:34) ~[netty-common-4.1.82.Final.jar:4.1.82.Final]
	at io.netty.util.AttributeKey$1.<init>(AttributeKey.java:27) ~[netty-common-4.1.82.Final.jar:4.1.82.Final]
	at io.netty.util.AttributeKey.<clinit>(AttributeKey.java:27) ~[netty-common-4.1.82.Final.jar:4.1.82.Final]
	at net.minecraftforge.network.NetworkConstants.<clinit>(NetworkConstants.java:34) ~[forge-1.20.1-47.4.10_mapped_official_1.20.1-recomp.jar:?]
	at net.minecraftforge.network.NetworkHooks.init(NetworkHooks.java:52) ~[forge-1.20.1-47.4.10_mapped_official_1.20.1-recomp.jar:?]
	at net.minecraft.server.Bootstrap.bootStrap(Bootstrap.java:62) ~[forge-1.20.1-47.4.10_mapped_official_1.20.1-recomp.jar:?]
	at net.minecraftforge.data.loading.DatagenModLoader.begin(DatagenModLoader.java:42) ~[forge-1.20.1-47.4.10_mapped_official_1.20.1-recomp.jar:?]
	at net.minecraft.data.Main.main(Main.java:90) ~[forge-1.20.1-47.4.10_mapped_official_1.20.1-recomp.jar:?]
	at jdk.internal.reflect.NativeMethodAccessorImpl.invoke0(Native Method) ~[?:?]
	at jdk.internal.reflect.NativeMethodAccessorImpl.invoke(NativeMethodAccessorImpl.java:77) ~[?:?]
	at jdk.internal.reflect.DelegatingMethodAccessorImpl.invoke(DelegatingMethodAccessorImpl.java:43) ~[?:?]
	at java.lang.reflect.Method.invoke(Method.java:569) ~[?:?]
	at net.minecraftforge.fml.loading.targets.CommonLaunchHandler.runTarget(CommonLaunchHandler.java:111) ~[fmlloader-1.20.1-47.4.10.jar:?]
	at net.minecraftforge.fml.loading.targets.CommonLaunchHandler.dataService(CommonLaunchHandler.java:107) ~[fmlloader-1.20.1-47.4.10.jar:?]
	at net.minecraftforge.fml.loading.targets.ForgeDataUserdevLaunchHandler.devService(ForgeDataUserdevLaunchHandler.java:22) ~[fmlloader-1.20.1-47.4.10.jar:?]
	at net.minecraftforge.fml.loading.targets.CommonDevLaunchHandler.lambda$makeService$7(CommonDevLaunchHandler.java:135) ~[fmlloader-1.20.1-47.4.10.jar:?]
	at cpw.mods.modlauncher.LaunchServiceHandlerDecorator.launch(LaunchServiceHandlerDecorator.java:30) ~[modlauncher-10.0.9.jar:?]
	at cpw.mods.modlauncher.LaunchServiceHandler.launch(LaunchServiceHandler.java:53) ~[modlauncher-10.0.9.jar:?]
	at cpw.mods.modlauncher.LaunchServiceHandler.launch(LaunchServiceHandler.java:71) ~[modlauncher-10.0.9.jar:?]
	at cpw.mods.modlauncher.Launcher.run(Launcher.java:108) ~[modlauncher-10.0.9.jar:?]
	at cpw.mods.modlauncher.Launcher.main(Launcher.java:78) ~[modlauncher-10.0.9.jar:?]
	at cpw.mods.modlauncher.BootstrapLaunchConsumer.accept(BootstrapLaunchConsumer.java:26) ~[modlauncher-10.0.9.jar:?]
	at cpw.mods.modlauncher.BootstrapLaunchConsumer.accept(BootstrapLaunchConsumer.java:23) ~[modlauncher-10.0.9.jar:?]
	at cpw.mods.bootstraplauncher.BootstrapLauncher.main(BootstrapLauncher.java:141) ~[bootstraplauncher-1.1.2.jar:?]
[217月2026 21:47:36.750] [main/DEBUG] [io.netty.util.internal.PlatformDependent0/]: java.nio.Bits.unaligned: available, true
[217月2026 21:47:36.752] [main/DEBUG] [io.netty.util.internal.PlatformDependent0/]: jdk.internal.misc.Unsafe.allocateUninitializedArray(int): unavailable
java.lang.IllegalAccessException: class io.netty.util.internal.PlatformDependent0$7 (in module io.netty.common) cannot access class jdk.internal.misc.Unsafe (in module java.base) because module java.base does not export jdk.internal.misc to module io.netty.common
	at jdk.internal.reflect.Reflection.newIllegalAccessException(Reflection.java:392) ~[?:?]
	at java.lang.reflect.AccessibleObject.checkAccess(AccessibleObject.java:674) ~[?:?]
	at java.lang.reflect.Method.invoke(Method.java:561) ~[?:?]
	at io.netty.util.internal.PlatformDependent0$7.run(PlatformDependent0.java:410) ~[netty-common-4.1.82.Final.jar:4.1.82.Final]
	at java.security.AccessController.doPrivileged(AccessController.java:318) ~[?:?]
	at io.netty.util.internal.PlatformDependent0.<clinit>(PlatformDependent0.java:401) ~[netty-common-4.1.82.Final.jar:4.1.82.Final]
	at io.netty.util.internal.PlatformDependent.isAndroid(PlatformDependent.java:333) ~[netty-common-4.1.82.Final.jar:4.1.82.Final]
	at io.netty.util.internal.PlatformDependent.<clinit>(PlatformDependent.java:88) ~[netty-common-4.1.82.Final.jar:4.1.82.Final]
	at io.netty.util.ConstantPool.<init>(ConstantPool.java:34) ~[netty-common-4.1.82.Final.jar:4.1.82.Final]
	at io.netty.util.AttributeKey$1.<init>(AttributeKey.java:27) ~[netty-common-4.1.82.Final.jar:4.1.82.Final]
	at io.netty.util.AttributeKey.<clinit>(AttributeKey.java:27) ~[netty-common-4.1.82.Final.jar:4.1.82.Final]
	at net.minecraftforge.network.NetworkConstants.<clinit>(NetworkConstants.java:34) ~[forge-1.20.1-47.4.10_mapped_official_1.20.1-recomp.jar:?]
	at net.minecraftforge.network.NetworkHooks.init(NetworkHooks.java:52) ~[forge-1.20.1-47.4.10_mapped_official_1.20.1-recomp.jar:?]
	at net.minecraft.server.Bootstrap.bootStrap(Bootstrap.java:62) ~[forge-1.20.1-47.4.10_mapped_official_1.20.1-recomp.jar:?]
	at net.minecraftforge.data.loading.DatagenModLoader.begin(DatagenModLoader.java:42) ~[forge-1.20.1-47.4.10_mapped_official_1.20.1-recomp.jar:?]
	at net.minecraft.data.Main.main(Main.java:90) ~[forge-1.20.1-47.4.10_mapped_official_1.20.1-recomp.jar:?]
	at jdk.internal.reflect.NativeMethodAccessorImpl.invoke0(Native Method) ~[?:?]
	at jdk.internal.reflect.NativeMethodAccessorImpl.invoke(NativeMethodAccessorImpl.java:77) ~[?:?]
	at jdk.internal.reflect.DelegatingMethodAccessorImpl.invoke(DelegatingMethodAccessorImpl.java:43) ~[?:?]
	at java.lang.reflect.Method.invoke(Method.java:569) ~[?:?]
	at net.minecraftforge.fml.loading.targets.CommonLaunchHandler.runTarget(CommonLaunchHandler.java:111) ~[fmlloader-1.20.1-47.4.10.jar:?]
	at net.minecraftforge.fml.loading.targets.CommonLaunchHandler.dataService(CommonLaunchHandler.java:107) ~[fmlloader-1.20.1-47.4.10.jar:?]
	at net.minecraftforge.fml.loading.targets.ForgeDataUserdevLaunchHandler.devService(ForgeDataUserdevLaunchHandler.java:22) ~[fmlloader-1.20.1-47.4.10.jar:?]
	at net.minecraftforge.fml.loading.targets.CommonDevLaunchHandler.lambda$makeService$7(CommonDevLaunchHandler.java:135) ~[fmlloader-1.20.1-47.4.10.jar:?]
	at cpw.mods.modlauncher.LaunchServiceHandlerDecorator.launch(LaunchServiceHandlerDecorator.java:30) ~[modlauncher-10.0.9.jar:?]
	at cpw.mods.modlauncher.LaunchServiceHandler.launch(LaunchServiceHandler.java:53) ~[modlauncher-10.0.9.jar:?]
	at cpw.mods.modlauncher.LaunchServiceHandler.launch(LaunchServiceHandler.java:71) ~[modlauncher-10.0.9.jar:?]
	at cpw.mods.modlauncher.Launcher.run(Launcher.java:108) ~[modlauncher-10.0.9.jar:?]
	at cpw.mods.modlauncher.Launcher.main(Launcher.java:78) ~[modlauncher-10.0.9.jar:?]
	at cpw.mods.modlauncher.BootstrapLaunchConsumer.accept(BootstrapLaunchConsumer.java:26) ~[modlauncher-10.0.9.jar:?]
	at cpw.mods.modlauncher.BootstrapLaunchConsumer.accept(BootstrapLaunchConsumer.java:23) ~[modlauncher-10.0.9.jar:?]
	at cpw.mods.bootstraplauncher.BootstrapLauncher.main(BootstrapLauncher.java:141) ~[bootstraplauncher-1.1.2.jar:?]
[217月2026 21:47:36.754] [main/DEBUG] [io.netty.util.internal.PlatformDependent0/]: java.nio.DirectByteBuffer.<init>(long, int): unavailable
[217月2026 21:47:36.754] [main/DEBUG] [io.netty.util.internal.PlatformDependent/]: sun.misc.Unsafe: available
[217月2026 21:47:36.755] [main/DEBUG] [io.netty.util.internal.PlatformDependent/]: maxDirectMemory: 8552185856 bytes (maybe)
[217月2026 21:47:36.756] [main/DEBUG] [io.netty.util.internal.PlatformDependent/]: -Dio.netty.tmpdir: C:\Users\Administrator\AppData\Local\Temp (java.io.tmpdir)
[217月2026 21:47:36.756] [main/DEBUG] [io.netty.util.internal.PlatformDependent/]: -Dio.netty.bitMode: 64 (sun.arch.data.model)
[217月2026 21:47:36.756] [main/DEBUG] [io.netty.util.internal.PlatformDependent/]: Platform: Windows
[217月2026 21:47:36.758] [main/DEBUG] [io.netty.util.internal.PlatformDependent/]: -Dio.netty.maxDirectMemory: -1 bytes
[217月2026 21:47:36.758] [main/DEBUG] [io.netty.util.internal.PlatformDependent/]: -Dio.netty.uninitializedArrayAllocationThreshold: -1
[217月2026 21:47:36.759] [main/DEBUG] [io.netty.util.internal.CleanerJava9/]: java.nio.ByteBuffer.cleaner(): available
[217月2026 21:47:36.760] [main/DEBUG] [io.netty.util.internal.PlatformDependent/]: -Dio.netty.noPreferDirect: false
[217月2026 21:47:36.834] [main/DEBUG] [net.minecraftforge.network.NetworkHooks/]: Loading Network data for FML net version: FML3
[217月2026 21:47:36.854] [main/DEBUG] [net.minecraftforge.fml.ModWorkManager/LOADING]: Using 28 threads for parallel mod-loading
[217月2026 21:47:36.860] [main/DEBUG] [net.minecraftforge.fml.javafmlmod.FMLJavaModLanguageProvider/LOADING]: Loading FMLModContainer from classloader cpw.mods.modlauncher.TransformingClassLoader@6d08b4e6 - got cpw.mods.cl.ModuleClassLoader@773dab28
[217月2026 21:47:36.862] [main/DEBUG] [net.minecraftforge.fml.javafmlmod.FMLModContainer/LOADING]: Creating FMLModContainer instance for vectorwing.farmersdelight.FarmersDelight
[217月2026 21:47:36.864] [main/DEBUG] [net.minecraftforge.fml.javafmlmod.FMLJavaModLanguageProvider/LOADING]: Loading FMLModContainer from classloader cpw.mods.modlauncher.TransformingClassLoader@6d08b4e6 - got cpw.mods.cl.ModuleClassLoader@773dab28
[217月2026 21:47:36.864] [main/DEBUG] [net.minecraftforge.fml.javafmlmod.FMLModContainer/LOADING]: Creating FMLModContainer instance for com.chenjdy.farmers_spell.FARMERSSPELL
[217月2026 21:47:36.865] [main/DEBUG] [net.minecraftforge.fml.javafmlmod.FMLJavaModLanguageProvider/LOADING]: Loading FMLModContainer from classloader cpw.mods.modlauncher.TransformingClassLoader@6d08b4e6 - got cpw.mods.cl.ModuleClassLoader@773dab28
[217月2026 21:47:36.865] [main/DEBUG] [net.minecraftforge.fml.javafmlmod.FMLModContainer/LOADING]: Creating FMLModContainer instance for com.llamalad7.mixinextras.platform.forge.MixinExtrasMod
[217月2026 21:47:36.865] [main/DEBUG] [net.minecraftforge.fml.javafmlmod.FMLJavaModLanguageProvider/LOADING]: Loading FMLModContainer from classloader cpw.mods.modlauncher.TransformingClassLoader@6d08b4e6 - got cpw.mods.cl.ModuleClassLoader@773dab28
[217月2026 21:47:36.865] [main/DEBUG] [net.minecraftforge.fml.javafmlmod.FMLModContainer/LOADING]: Creating FMLModContainer instance for dev.latvian.mods.rhino.mod.forge.RhinoModForge
[217月2026 21:47:36.866] [main/DEBUG] [net.minecraftforge.fml.javafmlmod.FMLJavaModLanguageProvider/LOADING]: Loading FMLModContainer from classloader cpw.mods.modlauncher.TransformingClassLoader@6d08b4e6 - got cpw.mods.cl.ModuleClassLoader@773dab28
[217月2026 21:47:36.866] [main/DEBUG] [net.minecraftforge.fml.javafmlmod.FMLModContainer/LOADING]: Creating FMLModContainer instance for snownee.jade.util.CommonProxy
[217月2026 21:47:36.868] [main/DEBUG] [net.minecraftforge.fml.javafmlmod.FMLJavaModLanguageProvider/LOADING]: Loading FMLModContainer from classloader cpw.mods.modlauncher.TransformingClassLoader@6d08b4e6 - got cpw.mods.cl.ModuleClassLoader@773dab28
[217月2026 21:47:36.868] [main/DEBUG] [net.minecraftforge.fml.javafmlmod.FMLModContainer/LOADING]: Creating FMLModContainer instance for software.bernie.example.GeckoLibMod
[217月2026 21:47:36.868] [main/DEBUG] [net.minecraftforge.fml.javafmlmod.FMLJavaModLanguageProvider/LOADING]: Loading FMLModContainer from classloader cpw.mods.modlauncher.TransformingClassLoader@6d08b4e6 - got cpw.mods.cl.ModuleClassLoader@773dab28
[217月2026 21:47:36.868] [main/DEBUG] [net.minecraftforge.fml.javafmlmod.FMLModContainer/LOADING]: Creating FMLModContainer instance for dev.architectury.forge.ArchitecturyForge
[217月2026 21:47:36.869] [main/DEBUG] [net.minecraftforge.fml.javafmlmod.FMLJavaModLanguageProvider/LOADING]: Loading FMLModContainer from classloader cpw.mods.modlauncher.TransformingClassLoader@6d08b4e6 - got cpw.mods.cl.ModuleClassLoader@773dab28
[217月2026 21:47:36.869] [main/DEBUG] [net.minecraftforge.fml.javafmlmod.FMLModContainer/LOADING]: Creating FMLModContainer instance for net.mehvahdjukaar.jeed.forge.JeedImpl
[217月2026 21:47:36.869] [main/DEBUG] [net.minecraftforge.fml.javafmlmod.FMLJavaModLanguageProvider/LOADING]: Loading FMLModContainer from classloader cpw.mods.modlauncher.TransformingClassLoader@6d08b4e6 - got cpw.mods.cl.ModuleClassLoader@773dab28
[217月2026 21:47:36.869] [main/DEBUG] [net.minecraftforge.fml.javafmlmod.FMLModContainer/LOADING]: Creating FMLModContainer instance for dev.kosmx.playerAnim.forge.ForgeModInterface
[217月2026 21:47:36.870] [main/DEBUG] [net.minecraftforge.fml.javafmlmod.FMLJavaModLanguageProvider/LOADING]: Loading FMLModContainer from classloader cpw.mods.modlauncher.TransformingClassLoader@6d08b4e6 - got cpw.mods.cl.ModuleClassLoader@773dab28
[217月2026 21:47:36.870] [main/DEBUG] [net.minecraftforge.fml.javafmlmod.FMLModContainer/LOADING]: Creating FMLModContainer instance for io.redspace.ironsspellbooks.IronsSpellbooks
[217月2026 21:47:36.871] [main/DEBUG] [net.minecraftforge.fml.javafmlmod.FMLJavaModLanguageProvider/LOADING]: Loading FMLModContainer from classloader cpw.mods.modlauncher.TransformingClassLoader@6d08b4e6 - got cpw.mods.cl.ModuleClassLoader@773dab28
[217月2026 21:47:36.871] [main/DEBUG] [net.minecraftforge.fml.javafmlmod.FMLModContainer/LOADING]: Creating FMLModContainer instance for mezz.jei.forge.JustEnoughItems
[217月2026 21:47:36.871] [main/DEBUG] [net.minecraftforge.fml.javafmlmod.FMLJavaModLanguageProvider/LOADING]: Loading FMLModContainer from classloader cpw.mods.modlauncher.TransformingClassLoader@6d08b4e6 - got cpw.mods.cl.ModuleClassLoader@773dab28
[217月2026 21:47:36.871] [main/DEBUG] [net.minecraftforge.fml.javafmlmod.FMLModContainer/LOADING]: Creating FMLModContainer instance for io.redspace.ironslib.IronsLib
[217月2026 21:47:36.872] [main/DEBUG] [net.minecraftforge.fml.javafmlmod.FMLJavaModLanguageProvider/LOADING]: Loading FMLModContainer from classloader cpw.mods.modlauncher.TransformingClassLoader@6d08b4e6 - got cpw.mods.cl.ModuleClassLoader@773dab28
[217月2026 21:47:36.872] [main/DEBUG] [net.minecraftforge.fml.javafmlmod.FMLModContainer/LOADING]: Creating FMLModContainer instance for com.github.ysbbbbbb.kaleidoscopecookery.KaleidoscopeCookery
[217月2026 21:47:36.872] [main/DEBUG] [net.minecraftforge.fml.javafmlmod.FMLJavaModLanguageProvider/LOADING]: Loading FMLModContainer from classloader cpw.mods.modlauncher.TransformingClassLoader@6d08b4e6 - got cpw.mods.cl.ModuleClassLoader@773dab28
[217月2026 21:47:36.873] [main/DEBUG] [net.minecraftforge.fml.javafmlmod.FMLModContainer/LOADING]: Creating FMLModContainer instance for net.minecraftforge.common.ForgeMod
[217月2026 21:47:36.874] [main/DEBUG] [net.minecraftforge.fml.javafmlmod.FMLJavaModLanguageProvider/LOADING]: Loading FMLModContainer from classloader cpw.mods.modlauncher.TransformingClassLoader@6d08b4e6 - got cpw.mods.cl.ModuleClassLoader@773dab28
[217月2026 21:47:36.874] [main/DEBUG] [net.minecraftforge.fml.javafmlmod.FMLModContainer/LOADING]: Creating FMLModContainer instance for squeek.appleskin.AppleSkin
[217月2026 21:47:36.875] [main/DEBUG] [net.minecraftforge.fml.javafmlmod.FMLJavaModLanguageProvider/LOADING]: Loading FMLModContainer from classloader cpw.mods.modlauncher.TransformingClassLoader@6d08b4e6 - got cpw.mods.cl.ModuleClassLoader@773dab28
[217月2026 21:47:36.875] [main/DEBUG] [net.minecraftforge.fml.javafmlmod.FMLModContainer/LOADING]: Creating FMLModContainer instance for top.theillusivec4.curios.Curios
[217月2026 21:47:36.876] [main/DEBUG] [net.minecraftforge.fml.javafmlmod.FMLJavaModLanguageProvider/LOADING]: Loading FMLModContainer from classloader cpw.mods.modlauncher.TransformingClassLoader@6d08b4e6 - got cpw.mods.cl.ModuleClassLoader@773dab28
[217月2026 21:47:36.876] [main/DEBUG] [net.minecraftforge.fml.javafmlmod.FMLModContainer/LOADING]: Creating FMLModContainer instance for me.jellysquid.mods.sodium.client.SodiumClientMod
[217月2026 21:47:36.877] [main/DEBUG] [net.minecraftforge.fml.javafmlmod.FMLJavaModLanguageProvider/LOADING]: Loading FMLModContainer from classloader cpw.mods.modlauncher.TransformingClassLoader@6d08b4e6 - got cpw.mods.cl.ModuleClassLoader@773dab28
[217月2026 21:47:36.877] [main/DEBUG] [net.minecraftforge.fml.javafmlmod.FMLModContainer/LOADING]: Creating FMLModContainer instance for me.jellysquid.mods.sodium.client.RubidiumStub
[217月2026 21:47:36.894] [modloading-worker-0/DEBUG] [net.minecraftforge.fml.javafmlmod.AutomaticEventSubscriber/LOADING]: Attempting to inject @EventBusSubscriber classes into the eventbus for playeranimator
[217月2026 21:47:36.894] [modloading-worker-0/DEBUG] [net.minecraftforge.fml.javafmlmod.AutomaticEventSubscriber/LOADING]: Attempting to inject @EventBusSubscriber classes into the eventbus for mixinextras
[217月2026 21:47:36.899] [modloading-worker-0/DEBUG] [net.minecraftforge.fml.javafmlmod.AutomaticEventSubscriber/LOADING]: Attempting to inject @EventBusSubscriber classes into the eventbus for rubidium
[217月2026 21:47:36.902] [modloading-worker-0/DEBUG] [net.minecraftforge.fml.javafmlmod.AutomaticEventSubscriber/LOADING]: Attempting to inject @EventBusSubscriber classes into the eventbus for rhino
[217月2026 21:47:36.912] [modloading-worker-0/DEBUG] [net.minecraftforge.fml.javafmlmod.AutomaticEventSubscriber/LOADING]: Auto-subscribing dev.kosmx.playerAnim.forge.ForgeClientEvent to MOD
[217月2026 21:47:36.939] [modloading-worker-0/DEBUG] [mixin/]: Mixing MixinMinecraft from architectury.mixins.json into net.minecraft.client.Minecraft
[217月2026 21:47:36.941] [modloading-worker-0/DEBUG] [mixin/]: Mixing MinecraftMixin from mixins.irons_spellbooks.json into net.minecraft.client.Minecraft
[217月2026 21:47:36.942] [modloading-worker-0/DEBUG] [mixin/]: Mixing core.render.MinecraftAccessor from embeddium.mixins.json into net.minecraft.client.Minecraft
[217月2026 21:47:36.947] [modloading-worker-0/DEBUG] [mixin/]: Mixing core.MinecraftClientMixin from embeddium.mixins.json into net.minecraft.client.Minecraft
[217月2026 21:47:36.948] [modloading-worker-0/DEBUG] [mixin/]: Renaming synthetic method lambda$postInit$0(Lnet/minecraft/client/gui/screens/Screen;)Lnet/minecraft/client/gui/screens/Screen; to mda679f8$lambda$postInit$0$0 in embeddium.mixins.json:core.MinecraftClientMixin
[217月2026 21:47:37.056] [modloading-worker-0/DEBUG] [net.minecraftforge.fml.javafmlmod.AutomaticEventSubscriber/LOADING]: Attempting to inject @EventBusSubscriber classes into the eventbus for farmers_spell
[217月2026 21:47:37.058] [modloading-worker-0/DEBUG] [net.minecraftforge.fml.config.ConfigTracker/CONFIG]: Config file jeed-client.toml for jeed tracking
[217月2026 21:47:37.058] [modloading-worker-0/DEBUG] [net.minecraftforge.fml.config.ConfigTracker/CONFIG]: Config file kaleidoscope_cookery-common.toml for kaleidoscope_cookery tracking
[217月2026 21:47:37.058] [modloading-worker-0/DEBUG] [net.minecraftforge.fml.config.ConfigTracker/CONFIG]: Config file jei-server.toml for jei tracking
[217月2026 21:47:37.058] [modloading-worker-0/DEBUG] [net.minecraftforge.fml.config.ConfigTracker/CONFIG]: Config file appleskin-client.toml for appleskin tracking
[217月2026 21:47:37.060] [modloading-worker-0/DEBUG] [net.minecraftforge.fml.config.ConfigTracker/CONFIG]: Config file farmersdelight-common.toml for farmersdelight tracking
[217月2026 21:47:37.060] [modloading-worker-0/DEBUG] [net.minecraftforge.fml.config.ConfigTracker/CONFIG]: Config file farmersdelight-client.toml for farmersdelight tracking
[217月2026 21:47:37.063] [modloading-worker-0/DEBUG] [net.minecraftforge.versions.forge.ForgeVersion/CORE]: Forge Version package package net.minecraftforge.versions.forge, Forge, version 47.4 from cpw.mods.modlauncher.TransformingClassLoader@6d08b4e6
[217月2026 21:47:37.063] [modloading-worker-0/DEBUG] [net.minecraftforge.versions.forge.ForgeVersion/CORE]: Found Forge version 47.4.10
[217月2026 21:47:37.063] [modloading-worker-0/DEBUG] [net.minecraftforge.versions.forge.ForgeVersion/CORE]: Found Forge spec 47.4
[217月2026 21:47:37.063] [modloading-worker-0/DEBUG] [net.minecraftforge.versions.forge.ForgeVersion/CORE]: Found Forge group net.minecraftforge
[217月2026 21:47:37.066] [modloading-worker-0/DEBUG] [net.minecraftforge.versions.mcp.MCPVersion/CORE]: MCP Version package package net.minecraftforge.versions.mcp, Minecraft, version 1.20.1 from cpw.mods.modlauncher.TransformingClassLoader@6d08b4e6
[217月2026 21:47:37.066] [modloading-worker-0/DEBUG] [net.minecraftforge.versions.mcp.MCPVersion/CORE]: Found MC version information 1.20.1
[217月2026 21:47:37.066] [modloading-worker-0/DEBUG] [net.minecraftforge.versions.mcp.MCPVersion/CORE]: Found MCP version information 20230612.114412
[217月2026 21:47:37.066] [modloading-worker-0/INFO] [net.minecraftforge.common.ForgeMod/FORGEMOD]: Forge mod loading, version 47.4.10, for MC 1.20.1 with MCP 20230612.114412
[217月2026 21:47:37.068] [modloading-worker-0/INFO] [net.minecraftforge.common.MinecraftForge/FORGE]: MinecraftForge v47.4.10 Initialized
[217月2026 21:47:37.077] [modloading-worker-0/DEBUG] [net.minecraftforge.fml.javafmlmod.AutomaticEventSubscriber/LOADING]: Attempting to inject @EventBusSubscriber classes into the eventbus for appleskin
[217月2026 21:47:37.078] [modloading-worker-0/DEBUG] [mixin/]: Mixing features.render.world.ClientLevelMixin from embeddium.mixins.json into net.minecraft.client.multiplayer.ClientLevel
[217月2026 21:47:37.079] [modloading-worker-0/DEBUG] [mixin/]: Renaming synthetic method lambda$new$0(Lnet/minecraft/world/level/biome/AmbientParticleSettings;)V to mda679f8$lambda$new$0$0 in embeddium.mixins.json:features.render.world.ClientLevelMixin
[217月2026 21:47:37.087] [modloading-worker-0/DEBUG] [mixin/]: Mixing MixinClientLevel from architectury.mixins.json into net.minecraft.client.multiplayer.ClientLevel
[217月2026 21:47:37.089] [modloading-worker-0/DEBUG] [mixin/]: Mixing core.world.biome.ClientWorldMixin from embeddium.mixins.json into net.minecraft.client.multiplayer.ClientLevel
[217月2026 21:47:37.090] [modloading-worker-0/DEBUG] [mixin/]: Mixing core.world.map.ClientWorldMixin from embeddium.mixins.json into net.minecraft.client.multiplayer.ClientLevel
[217月2026 21:47:37.098] [modloading-worker-0/DEBUG] [mixin/]: Mixing features.render.world.sky.ClientWorldMixin from embeddium.mixins.json into net.minecraft.client.multiplayer.ClientLevel
[217月2026 21:47:37.099] [modloading-worker-0/DEBUG] [mixin/]: Renaming synthetic method lambda$redirectSampleColor$0(Lnet/minecraft/world/level/Level;III)I to mda679f8$lambda$redirectSampleColor$0$1 in embeddium.mixins.json:features.render.world.sky.ClientWorldMixin
[217月2026 21:47:37.174] [modloading-worker-0/DEBUG] [mixin/]: Mixing CanvasSignEditScreenMixin from farmersdelight.mixins.json into net.minecraft.client.player.LocalPlayer
[217月2026 21:47:37.192] [modloading-worker-0/DEBUG] [mixin/]: Mixing MixinLevelEvent from architectury.mixins.json into net.minecraftforge.event.level.LevelEvent
[217月2026 21:47:37.195] [modloading-worker-0/DEBUG] [mixin/]: Mixing EffectsRenderingInventoryScreenMixin from jeed-common.mixins.json into net.minecraft.client.gui.screens.inventory.EffectRenderingInventoryScreen
[217月2026 21:47:37.271] [modloading-worker-0/DEBUG] [net.minecraftforge.fml.config.ConfigTracker/CONFIG]: Config file curios-client.toml for curios tracking
[217月2026 21:47:37.272] [modloading-worker-0/DEBUG] [net.minecraftforge.fml.javafmlmod.AutomaticEventSubscriber/LOADING]: Attempting to inject @EventBusSubscriber classes into the eventbus for irons_lib
[217月2026 21:47:37.273] [modloading-worker-0/DEBUG] [net.minecraftforge.fml.javafmlmod.AutomaticEventSubscriber/LOADING]: Auto-subscribing io.redspace.ironslib.registry.IronsLibRegistries$AttributeRegistry to MOD
[217月2026 21:47:37.275] [modloading-worker-0/DEBUG] [net.minecraftforge.fml.javafmlmod.AutomaticEventSubscriber/LOADING]: Auto-subscribing io.redspace.ironslib.internal.registry.CommandHandler to FORGE
[217月2026 21:47:37.276] [modloading-worker-0/DEBUG] [net.minecraftforge.fml.config.ConfigTracker/CONFIG]: Config file curios-common.toml for curios tracking
[217月2026 21:47:37.276] [modloading-worker-0/DEBUG] [net.minecraftforge.fml.config.ConfigTracker/CONFIG]: Config file curios-server.toml for curios tracking
[217月2026 21:47:37.276] [modloading-worker-0/DEBUG] [net.minecraftforge.fml.javafmlmod.AutomaticEventSubscriber/LOADING]: Attempting to inject @EventBusSubscriber classes into the eventbus for curios
[217月2026 21:47:37.276] [modloading-worker-0/DEBUG] [net.minecraftforge.fml.javafmlmod.AutomaticEventSubscriber/LOADING]: Auto-subscribing top.theillusivec4.curios.Curios$ClientProxy to MOD
[217月2026 21:47:37.276] [modloading-worker-0/DEBUG] [mixin/]: Mixing GuiMixin from mixins.irons_spellbooks.json into net.minecraft.client.gui.Gui
[217月2026 21:47:37.278] [modloading-worker-0/DEBUG] [mixin/]: Mixing features.options.overlays.InGameHudMixin from embeddium.mixins.json into net.minecraft.client.gui.Gui
[217月2026 21:47:37.304] [modloading-worker-0/DEBUG] [net.minecraftforge.fml.javafmlmod.AutomaticEventSubscriber/LOADING]: Auto-subscribing io.redspace.ironslib.internal.client.ClientSetup to MOD
[217月2026 21:47:37.304] [modloading-worker-0/DEBUG] [mixin/]: Mixing EntityRendererMixin from mixins.irons_spellbooks.json into net.minecraft.client.renderer.entity.EntityRenderer
[217月2026 21:47:37.305] [modloading-worker-0/DEBUG] [mixin/]: Mixing features.render.entity.cull.EntityRendererMixin from embeddium.mixins.json into net.minecraft.client.renderer.entity.EntityRenderer
[217月2026 21:47:37.327] [modloading-worker-0/DEBUG] [mixin/]: Mixing workarounds.context_creation.WindowMixin from embeddium.mixins.json into com.mojang.blaze3d.platform.Window
[217月2026 21:47:37.399] [modloading-worker-0/DEBUG] [mixin/]: Mixing firstPerson.LivingEntityRendererMixin from playerAnimator-common.mixins.json into net.minecraft.client.renderer.entity.LivingEntityRenderer
[217月2026 21:47:37.400] [modloading-worker-0/DEBUG] [mixin/]: playerAnimator-common.mixins.json:firstPerson.LivingEntityRendererMixin: Class version 61 required is higher than the class version supported by the current version of Mixin (JAVA_16 supports class version 60)
[217月2026 21:47:37.400] [modloading-worker-0/DEBUG] [mixin/]: Renaming synthetic method lambda$filterLayers$0(Ljava/lang/Object;)Z to mda679f8$lambda$filterLayers$0$0 in playerAnimator-common.mixins.json:firstPerson.LivingEntityRendererMixin
[217月2026 21:47:37.421] [modloading-worker-0/DEBUG] [mixin/]: Mixing features.render.gui.debug.ForgeGuiMixin from embeddium.mixins.json into net.minecraftforge.client.gui.overlay.ForgeGui
[217月2026 21:47:37.421] [modloading-worker-0/DEBUG] [mixin/]: Renaming synthetic method lambda$renderLinesVanilla$0(Lme/jellysquid/mods/sodium/mixin/features/render/gui/debug/DebugScreenOverlayAccessor;Lnet/minecraft/client/gui/GuiGraphics;Ljava/util/ArrayList;Ljava/util/ArrayList;)V to mda679f8$lambda$renderLinesVanilla$0$0 in embeddium.mixins.json:features.render.gui.debug.ForgeGuiMixin
[217月2026 21:47:37.443] [modloading-worker-0/DEBUG] [net.minecraftforge.fml.javafmlmod.AutomaticEventSubscriber/LOADING]: Attempting to inject @EventBusSubscriber classes into the eventbus for jeed
[217月2026 21:47:37.443] [modloading-worker-0/DEBUG] [mixin/]: Mixing FeatureRendererMixin from playerAnimator-common.mixins.json into net.minecraft.client.renderer.entity.layers.RenderLayer
[217月2026 21:47:37.443] [modloading-worker-0/DEBUG] [mixin/]: playerAnimator-common.mixins.json:FeatureRendererMixin: Class version 61 required is higher than the class version supported by the current version of Mixin (JAVA_16 supports class version 60)
[217月2026 21:47:37.443] [modloading-worker-0/DEBUG] [net.minecraftforge.fml.javafmlmod.AutomaticEventSubscriber/LOADING]: Auto-subscribing io.redspace.ironslib.internal.client.ClientInputEvents to FORGE
[217月2026 21:47:37.451] [modloading-worker-0/DEBUG] [mixin/]: Mixing GuiGraphicsMixin from irons_lib.mixins.json into net.minecraft.client.gui.GuiGraphics
[217月2026 21:47:37.453] [modloading-worker-0/DEBUG] [mixin/]: Mixing features.textures.animations.tracking.DrawContextMixin from embeddium.mixins.json into net.minecraft.client.gui.GuiGraphics
[217月2026 21:47:37.472] [modloading-worker-0/DEBUG] [net.minecraftforge.fml.javafmlmod.AutomaticEventSubscriber/LOADING]: Auto-subscribing io.redspace.ironslib.internal.client.ClientEvents to FORGE
[217月2026 21:47:37.473] [modloading-worker-0/DEBUG] [net.minecraftforge.fml.javafmlmod.AutomaticEventSubscriber/LOADING]: Auto-subscribing io.redspace.ironslib.attribute.AttributeEventsHandler to FORGE
[217月2026 21:47:37.485] [modloading-worker-0/DEBUG] [net.minecraftforge.fml.config.ConfigTracker/CONFIG]: Config file forge-client.toml for forge tracking
[217月2026 21:47:37.485] [modloading-worker-0/DEBUG] [net.minecraftforge.fml.config.ConfigTracker/CONFIG]: Config file forge-server.toml for forge tracking
[217月2026 21:47:37.485] [modloading-worker-0/DEBUG] [net.minecraftforge.fml.ModLoadingContext/]: Attempted to register an empty config for type COMMON on mod forge
[217月2026 21:47:37.488] [modloading-worker-0/DEBUG] [net.minecraftforge.fml.javafmlmod.AutomaticEventSubscriber/LOADING]: Attempting to inject @EventBusSubscriber classes into the eventbus for jade
[217月2026 21:47:37.494] [modloading-worker-0/DEBUG] [mezz.jei.common.platform.Services/]: Loaded mezz.jei.forge.platform.PlatformHelper@c4471bd for service interface mezz.jei.common.platform.IPlatformHelper
[217月2026 21:47:37.497] [modloading-worker-0/DEBUG] [mixin/]: Mixing accessor.RecipeManagerAccessor from farmersdelight.mixins.json into net.minecraft.world.item.crafting.RecipeManager
[217月2026 21:47:37.508] [modloading-worker-0/DEBUG] [mixin/]: Mixing features.gui.screen.LevelLoadingScreenMixin from embeddium.mixins.json into net.minecraft.client.gui.screens.LevelLoadingScreen
[217月2026 21:47:37.508] [modloading-worker-0/DEBUG] [mixin/]: Renaming synthetic method lambda$renderChunks$0(Lit/unimi/dsi/fastutil/objects/Object2IntMap$Entry;)V to mda679f8$lambda$renderChunks$0$0 in embeddium.mixins.json:features.gui.screen.LevelLoadingScreenMixin
[217月2026 21:47:37.550] [modloading-worker-0/WARN] [software.bernie.geckolib.GeckoLib/]: Minecraft.getInstance() was null, could not register reload listeners
[217月2026 21:47:37.550] [modloading-worker-0/ERROR] [Embeddium/]: Failed to update fingerprint
java.lang.NullPointerException: Cannot invoke "net.minecraft.client.Minecraft.getUser()" because the return value of "net.minecraft.client.Minecraft.getInstance()" is null
	at me.jellysquid.mods.sodium.client.data.fingerprint.FingerprintMeasure.create(FingerprintMeasure.java:19) ~[embeddium-908741-5681725_mapped_official_1.20.1.jar%23203!/:?]
	at me.jellysquid.mods.sodium.client.SodiumClientMod.updateFingerprint(SodiumClientMod.java:108) ~[embeddium-908741-5681725_mapped_official_1.20.1.jar%23203!/:?]
	at me.jellysquid.mods.sodium.client.SodiumClientMod.<init>(SodiumClientMod.java:48) ~[embeddium-908741-5681725_mapped_official_1.20.1.jar%23203!/:?]
	at jdk.internal.reflect.NativeConstructorAccessorImpl.newInstance0(Native Method) ~[?:?]
	at jdk.internal.reflect.NativeConstructorAccessorImpl.newInstance(NativeConstructorAccessorImpl.java:77) ~[?:?]
	at jdk.internal.reflect.DelegatingConstructorAccessorImpl.newInstance(DelegatingConstructorAccessorImpl.java:45) ~[?:?]
	at java.lang.reflect.Constructor.newInstanceWithCaller(Constructor.java:500) ~[?:?]
	at java.lang.reflect.Constructor.newInstance(Constructor.java:481) ~[?:?]
	at net.minecraftforge.fml.javafmlmod.FMLModContainer.constructMod(FMLModContainer.java:77) ~[javafmllanguage-1.20.1-47.4.10.jar%23192!/:?]
	at net.minecraftforge.fml.ModContainer.lambda$buildTransitionHandler$5(ModContainer.java:126) ~[fmlcore-1.20.1-47.4.10.jar%23195!/:?]
	at java.util.concurrent.CompletableFuture$AsyncRun.run(CompletableFuture.java:1804) ~[?:?]
	at java.util.concurrent.CompletableFuture$AsyncRun.exec(CompletableFuture.java:1796) ~[?:?]
	at java.util.concurrent.ForkJoinTask.doExec(ForkJoinTask.java:373) ~[?:?]
	at java.util.concurrent.ForkJoinPool$WorkQueue.topLevelExec(ForkJoinPool.java:1182) ~[?:?]
	at java.util.concurrent.ForkJoinPool.scan(ForkJoinPool.java:1655) ~[?:?]
	at java.util.concurrent.ForkJoinPool.runWorker(ForkJoinPool.java:1622) ~[?:?]
	at java.util.concurrent.ForkJoinWorkerThread.run(ForkJoinWorkerThread.java:165) ~[?:?]
[217月2026 21:47:37.551] [modloading-worker-0/DEBUG] [net.minecraftforge.fml.javafmlmod.AutomaticEventSubscriber/LOADING]: Attempting to inject @EventBusSubscriber classes into the eventbus for embeddium
[217月2026 21:47:37.552] [modloading-worker-0/DEBUG] [net.minecraftforge.fml.javafmlmod.AutomaticEventSubscriber/LOADING]: Auto-subscribing org.embeddedt.embeddium.render.frapi.SpriteFinderCache to MOD
[217月2026 21:47:37.552] [modloading-worker-0/DEBUG] [net.minecraftforge.fml.javafmlmod.AutomaticEventSubscriber/LOADING]: Attempting to inject @EventBusSubscriber classes into the eventbus for forge
[217月2026 21:47:37.553] [modloading-worker-0/DEBUG] [net.minecraftforge.fml.javafmlmod.AutomaticEventSubscriber/LOADING]: Auto-subscribing net.minecraftforge.common.ForgeSpawnEggItem$CommonHandler to MOD
[217月2026 21:47:37.553] [modloading-worker-0/DEBUG] [mixin/]: Mixing features.textures.animations.tracking.SpriteMixin from embeddium.mixins.json into net.minecraft.client.renderer.texture.TextureAtlasSprite
[217月2026 21:47:37.564] [modloading-worker-0/DEBUG] [net.minecraftforge.fml.javafmlmod.AutomaticEventSubscriber/LOADING]: Auto-subscribing net.minecraftforge.common.ForgeSpawnEggItem$ColorRegisterHandler to MOD
[217月2026 21:47:37.565] [modloading-worker-0/DEBUG] [net.minecraftforge.fml.javafmlmod.AutomaticEventSubscriber/LOADING]: Auto-subscribing org.embeddedt.embeddium.impl.ConfigScreenHandlerHook to MOD
[217月2026 21:47:37.568] [modloading-worker-0/DEBUG] [mixin/]: Mixing core.model.colors.ItemColorsMixin from embeddium.mixins.json into net.minecraft.client.color.item.ItemColors
[217月2026 21:47:37.581] [modloading-worker-0/DEBUG] [net.minecraftforge.fml.javafmlmod.AutomaticEventSubscriber/LOADING]: Auto-subscribing org.embeddedt.embeddium.compat.immersive.ImmersiveCompat to MOD
[217月2026 21:47:37.582] [modloading-worker-0/DEBUG] [net.minecraftforge.fml.javafmlmod.AutomaticEventSubscriber/LOADING]: Auto-subscribing org.embeddedt.embeddium.compat.ccl.CCLCompatBootstrap to MOD
[217月2026 21:47:37.582] [modloading-worker-0/DEBUG] [mixin/]: Mixing core.model.colors.BlockColorsMixin from embeddium.mixins.json into net.minecraft.client.color.block.BlockColors
[217月2026 21:47:37.599] [modloading-worker-0/DEBUG] [net.minecraftforge.fml.javafmlmod.AutomaticEventSubscriber/LOADING]: Auto-subscribing net.minecraftforge.client.model.data.ModelDataManager to FORGE
[217月2026 21:47:37.601] [modloading-worker-0/DEBUG] [mixin/]: Mixing features.model.ModelDataMixin from embeddium.mixins.json into net.minecraftforge.client.model.data.ModelData
[217月2026 21:47:37.605] [modloading-worker-0/DEBUG] [net.minecraftforge.fml.javafmlmod.AutomaticEventSubscriber/LOADING]: Auto-subscribing net.minecraftforge.client.ForgeHooksClient$ClientEvents to MOD
[217月2026 21:47:37.607] [modloading-worker-0/DEBUG] [mixin/]: Mixing features.shader.uniform.ShaderProgramMixin from embeddium.mixins.json into net.minecraft.client.renderer.ShaderInstance
[217月2026 21:47:37.641] [modloading-worker-0/DEBUG] [mixin/]: Mixing features.textures.animations.tracking.SpriteAtlasTextureMixin from embeddium.mixins.json into net.minecraft.client.renderer.texture.TextureAtlas
[217月2026 21:47:37.655] [modloading-worker-0/DEBUG] [net.minecraftforge.fml.javafmlmod.AutomaticEventSubscriber/LOADING]: Auto-subscribing net.minecraftforge.client.ClientForgeMod to MOD
[217月2026 21:47:37.672] [modloading-worker-0/DEBUG] [net.minecraftforge.fml.javafmlmod.AutomaticEventSubscriber/LOADING]: Attempting to inject @EventBusSubscriber classes into the eventbus for farmersdelight
[217月2026 21:47:37.672] [modloading-worker-0/DEBUG] [net.minecraftforge.fml.javafmlmod.AutomaticEventSubscriber/LOADING]: Auto-subscribing vectorwing.farmersdelight.data.DataGenerators to MOD
[217月2026 21:47:37.674] [modloading-worker-0/DEBUG] [net.minecraftforge.fml.javafmlmod.AutomaticEventSubscriber/LOADING]: Auto-subscribing vectorwing.farmersdelight.common.item.SkilletItem$SkilletEvents to FORGE
[217月2026 21:47:37.676] [modloading-worker-0/DEBUG] [net.minecraftforge.fml.javafmlmod.AutomaticEventSubscriber/LOADING]: Auto-subscribing vectorwing.farmersdelight.common.item.KnifeItem$KnifeEvents to FORGE
[217月2026 21:47:37.680] [modloading-worker-0/DEBUG] [net.minecraftforge.fml.javafmlmod.AutomaticEventSubscriber/LOADING]: Auto-subscribing vectorwing.farmersdelight.common.item.HorseFeedItem$HorseFeedEvent to FORGE
[217月2026 21:47:37.681] [modloading-worker-0/DEBUG] [net.minecraftforge.fml.javafmlmod.AutomaticEventSubscriber/LOADING]: Auto-subscribing vectorwing.farmersdelight.common.item.enchantment.BackstabbingEnchantment$BackstabbingEvent to FORGE
[217月2026 21:47:37.683] [modloading-worker-0/DEBUG] [net.minecraftforge.fml.javafmlmod.AutomaticEventSubscriber/LOADING]: Auto-subscribing vectorwing.farmersdelight.common.item.DogFoodItem$DogFoodEvent to FORGE
[217月2026 21:47:37.684] [modloading-worker-0/DEBUG] [net.minecraftforge.fml.javafmlmod.AutomaticEventSubscriber/LOADING]: Auto-subscribing vectorwing.farmersdelight.common.event.VillagerEvents to FORGE
[217月2026 21:47:37.688] [modloading-worker-0/DEBUG] [net.minecraftforge.fml.javafmlmod.AutomaticEventSubscriber/LOADING]: Auto-subscribing vectorwing.farmersdelight.common.event.SetupEvents to MOD
[217月2026 21:47:37.689] [modloading-worker-0/DEBUG] [net.minecraftforge.fml.javafmlmod.AutomaticEventSubscriber/LOADING]: Auto-subscribing vectorwing.farmersdelight.common.event.CommonEvents to FORGE
[217月2026 21:47:37.692] [modloading-worker-0/DEBUG] [net.minecraftforge.fml.javafmlmod.AutomaticEventSubscriber/LOADING]: Attempting to inject @EventBusSubscriber classes into the eventbus for geckolib
[217月2026 21:47:37.692] [modloading-worker-0/DEBUG] [net.minecraftforge.fml.javafmlmod.AutomaticEventSubscriber/LOADING]: Auto-subscribing software.bernie.example.GeckoLibMod to FORGE
[217月2026 21:47:37.692] [modloading-worker-0/DEBUG] [net.minecraftforge.fml.javafmlmod.AutomaticEventSubscriber/LOADING]: Auto-subscribing software.bernie.example.CommonListener to MOD
[217月2026 21:47:37.693] [modloading-worker-0/DEBUG] [net.minecraftforge.fml.javafmlmod.AutomaticEventSubscriber/LOADING]: Auto-subscribing vectorwing.farmersdelight.common.block.CuttingBoardBlock$ToolCarvingEvent to FORGE
[217月2026 21:47:37.694] [modloading-worker-0/DEBUG] [net.minecraftforge.fml.javafmlmod.AutomaticEventSubscriber/LOADING]: Auto-subscribing vectorwing.farmersdelight.client.event.TooltipEvents to FORGE
[217月2026 21:47:37.694] [modloading-worker-0/DEBUG] [net.minecraftforge.fml.javafmlmod.AutomaticEventSubscriber/LOADING]: Auto-subscribing software.bernie.example.ClientListener to MOD
[217月2026 21:47:37.695] [modloading-worker-0/DEBUG] [net.minecraftforge.fml.javafmlmod.AutomaticEventSubscriber/LOADING]: Auto-subscribing vectorwing.farmersdelight.client.event.KeybindEvents to FORGE
[217月2026 21:47:37.696] [modloading-worker-0/DEBUG] [net.minecraftforge.fml.javafmlmod.AutomaticEventSubscriber/LOADING]: Auto-subscribing vectorwing.farmersdelight.client.event.ClientSetupEvents to MOD
[217月2026 21:47:37.702] [modloading-worker-0/DEBUG] [mezz.jei.common.config.file.ConfigSerializer/]: Loading config file: D:\Farmer's spell 'n spell book-1.20.1-Forge\Kaleidoscope ChineseFood-1.20.1-Forge\run-data\config\jei\jei-debug.ini
[217月2026 21:47:37.704] [modloading-worker-0/DEBUG] [mezz.jei.common.config.file.ConfigSerializer/]: Saving config file: D:\Farmer's spell 'n spell book-1.20.1-Forge\Kaleidoscope ChineseFood-1.20.1-Forge\run-data\config\jei\jei-debug.ini
[217月2026 21:47:37.714] [modloading-worker-0/DEBUG] [mezz.jei.common.config.file.ConfigSerializer/]: Loading config file: D:\Farmer's spell 'n spell book-1.20.1-Forge\Kaleidoscope ChineseFood-1.20.1-Forge\run-data\config\jei\jei-mod-id-format.ini
[217月2026 21:47:37.716] [modloading-worker-0/DEBUG] [mezz.jei.common.config.file.ConfigSerializer/]: Saving config file: D:\Farmer's spell 'n spell book-1.20.1-Forge\Kaleidoscope ChineseFood-1.20.1-Forge\run-data\config\jei\jei-mod-id-format.ini
[217月2026 21:47:37.722] [modloading-worker-0/DEBUG] [mezz.jei.common.config.file.ConfigSerializer/]: Loading config file: D:\Farmer's spell 'n spell book-1.20.1-Forge\Kaleidoscope ChineseFood-1.20.1-Forge\run-data\config\jei\jei-colors.ini
[217月2026 21:47:37.724] [modloading-worker-0/DEBUG] [net.minecraftforge.fml.javafmlmod.AutomaticEventSubscriber/LOADING]: Attempting to inject @EventBusSubscriber classes into the eventbus for architectury
[217月2026 21:47:37.724] [modloading-worker-0/DEBUG] [net.minecraftforge.fml.javafmlmod.AutomaticEventSubscriber/LOADING]: Auto-subscribing dev.architectury.registry.level.entity.trade.forge.TradeRegistryImpl to FORGE
[217月2026 21:47:37.725] [modloading-worker-0/DEBUG] [mezz.jei.common.config.file.ConfigSerializer/]: Saving config file: D:\Farmer's spell 'n spell book-1.20.1-Forge\Kaleidoscope ChineseFood-1.20.1-Forge\run-data\config\jei\jei-colors.ini
[217月2026 21:47:37.726] [modloading-worker-0/DEBUG] [net.minecraftforge.fml.javafmlmod.AutomaticEventSubscriber/LOADING]: Auto-subscribing dev.architectury.registry.forge.ReloadListenerRegistryImpl to FORGE
[217月2026 21:47:37.729] [modloading-worker-0/DEBUG] [net.minecraftforge.fml.javafmlmod.AutomaticEventSubscriber/LOADING]: Auto-subscribing dev.architectury.registry.forge.CreativeTabRegistryImpl to MOD
[217月2026 21:47:37.749] [modloading-worker-0/DEBUG] [net.minecraftforge.fml.javafmlmod.AutomaticEventSubscriber/LOADING]: Auto-subscribing dev.architectury.registry.client.particle.forge.ParticleProviderRegistryImpl to MOD
[217月2026 21:47:37.751] [modloading-worker-0/DEBUG] [mezz.jei.common.config.file.ConfigSerializer/]: Loading config file: D:\Farmer's spell 'n spell book-1.20.1-Forge\Kaleidoscope ChineseFood-1.20.1-Forge\run-data\config\jei\jei-client.ini
[217月2026 21:47:37.753] [modloading-worker-0/DEBUG] [net.minecraftforge.fml.javafmlmod.AutomaticEventSubscriber/LOADING]: Auto-subscribing dev.architectury.registry.client.keymappings.forge.KeyMappingRegistryImpl to MOD
[217月2026 21:47:37.753] [modloading-worker-0/DEBUG] [mezz.jei.common.config.file.ConfigSerializer/]: Saving config file: D:\Farmer's spell 'n spell book-1.20.1-Forge\Kaleidoscope ChineseFood-1.20.1-Forge\run-data\config\jei\jei-client.ini
[217月2026 21:47:37.754] [modloading-worker-0/DEBUG] [net.minecraftforge.fml.javafmlmod.AutomaticEventSubscriber/LOADING]: Auto-subscribing dev.architectury.networking.forge.NetworkManagerImpl to FORGE
[217月2026 21:47:37.761] [modloading-worker-0/INFO] [mezz.jei.library.load.PluginCaller/]: Sending ConfigManager...
[217月2026 21:47:37.763] [modloading-worker-0/INFO] [dev.architectury.networking.forge.NetworkManagerImpl/]: Registering S2C receiver with id architectury:sync_ids
[217月2026 21:47:37.765] [modloading-worker-0/INFO] [dev.architectury.networking.forge.NetworkManagerImpl/]: Registering C2S receiver with id architectury:sync_ids
[217月2026 21:47:37.767] [modloading-worker-0/DEBUG] [mezz.jei.library.load.PluginCallerTimerRunnable/]: Sending ConfigManager: jei:minecraft...
[217月2026 21:47:37.767] [modloading-worker-0/DEBUG] [mezz.jei.library.load.PluginCallerTimerRunnable/]: Sending ConfigManager: farmersdelight:jei_plugin...
[217月2026 21:47:37.767] [modloading-worker-0/DEBUG] [mezz.jei.library.load.PluginCallerTimerRunnable/]: Sending ConfigManager: jade:main...
[217月2026 21:47:37.767] [modloading-worker-0/DEBUG] [mezz.jei.library.load.PluginCallerTimerRunnable/]: Sending ConfigManager: jeed:jei_plugin...
[217月2026 21:47:37.767] [modloading-worker-0/DEBUG] [mezz.jei.library.load.PluginCallerTimerRunnable/]: Sending ConfigManager: irons_spellbooks:jei_plugin...
[217月2026 21:47:37.767] [modloading-worker-0/DEBUG] [mezz.jei.library.load.PluginCallerTimerRunnable/]: Sending ConfigManager: jei:debug...
[217月2026 21:47:37.767] [modloading-worker-0/DEBUG] [mezz.jei.library.load.PluginCallerTimerRunnable/]: Sending ConfigManager: jei:gui...
[217月2026 21:47:37.767] [modloading-worker-0/DEBUG] [mezz.jei.library.load.PluginCallerTimerRunnable/]: Sending ConfigManager: jei:forge_gui...
[217月2026 21:47:37.767] [modloading-worker-0/DEBUG] [mezz.jei.library.load.PluginCallerTimerRunnable/]: Sending ConfigManager: kaleidoscope_cookery:jei...
[217月2026 21:47:37.768] [modloading-worker-0/DEBUG] [mezz.jei.library.load.PluginCallerTimerRunnable/]: Sending ConfigManager: curios:curios...
[217月2026 21:47:37.768] [modloading-worker-0/DEBUG] [mezz.jei.library.load.PluginCallerTimerRunnable/]: Sending ConfigManager: jei:internal...
[217月2026 21:47:37.769] [modloading-worker-0/INFO] [mezz.jei.library.load.PluginCaller/]: Sending ConfigManager took 5.264 ms
[217月2026 21:47:37.774] [modloading-worker-0/DEBUG] [net.minecraftforge.fml.javafmlmod.AutomaticEventSubscriber/LOADING]: Attempting to inject @EventBusSubscriber classes into the eventbus for jei
[217月2026 21:47:37.855] [modloading-worker-0/DEBUG] [net.minecraftforge.fml.javafmlmod.AutomaticEventSubscriber/LOADING]: Attempting to inject @EventBusSubscriber classes into the eventbus for kaleidoscope_cookery
[217月2026 21:47:37.855] [modloading-worker-0/DEBUG] [net.minecraftforge.fml.javafmlmod.AutomaticEventSubscriber/LOADING]: Auto-subscribing com.github.ysbbbbbb.kaleidoscopecookery.init.registry.DatapackReloadListenerEvent to FORGE
[217月2026 21:47:37.856] [modloading-worker-0/DEBUG] [net.minecraftforge.fml.javafmlmod.AutomaticEventSubscriber/LOADING]: Auto-subscribing com.github.ysbbbbbb.kaleidoscopecookery.init.registry.CompatRegistry to MOD
[217月2026 21:47:37.857] [modloading-worker-0/DEBUG] [net.minecraftforge.fml.javafmlmod.AutomaticEventSubscriber/LOADING]: Auto-subscribing com.github.ysbbbbbb.kaleidoscopecookery.init.registry.CommonRegistry to MOD
[217月2026 21:47:37.862] [modloading-worker-0/DEBUG] [net.minecraftforge.fml.javafmlmod.AutomaticEventSubscriber/LOADING]: Auto-subscribing com.github.ysbbbbbb.kaleidoscopecookery.init.ModRecipes to MOD
[217月2026 21:47:37.862] [modloading-worker-0/DEBUG] [net.minecraftforge.fml.javafmlmod.AutomaticEventSubscriber/LOADING]: Auto-subscribing com.github.ysbbbbbb.kaleidoscopecookery.init.ModLootModifier to MOD
[217月2026 21:47:37.863] [modloading-worker-0/DEBUG] [net.minecraftforge.fml.javafmlmod.AutomaticEventSubscriber/LOADING]: Auto-subscribing com.github.ysbbbbbb.kaleidoscopecookery.init.ModEntities to MOD
[217月2026 21:47:37.863] [modloading-worker-0/DEBUG] [net.minecraftforge.fml.javafmlmod.AutomaticEventSubscriber/LOADING]: Auto-subscribing com.github.ysbbbbbb.kaleidoscopecookery.event.effect.SatiatedShieldEvent to FORGE
[217月2026 21:47:37.864] [modloading-worker-0/DEBUG] [net.minecraftforge.fml.javafmlmod.AutomaticEventSubscriber/LOADING]: Auto-subscribing com.github.ysbbbbbb.kaleidoscopecookery.event.effect.PreservationEvent to FORGE
[217月2026 21:47:37.865] [modloading-worker-0/DEBUG] [net.minecraftforge.fml.javafmlmod.AutomaticEventSubscriber/LOADING]: Auto-subscribing com.github.ysbbbbbb.kaleidoscopecookery.event.effect.FlatulenceEvent to FORGE
[217月2026 21:47:37.867] [modloading-worker-0/DEBUG] [net.minecraftforge.fml.javafmlmod.AutomaticEventSubscriber/LOADING]: Auto-subscribing com.github.ysbbbbbb.kaleidoscopecookery.event.SpecialRecipeItemEvent to FORGE
[217月2026 21:47:37.869] [modloading-worker-0/DEBUG] [net.minecraftforge.fml.javafmlmod.AutomaticEventSubscriber/LOADING]: Auto-subscribing com.github.ysbbbbbb.kaleidoscopecookery.event.SickleHarvestNetherWartEvent to FORGE
[217月2026 21:47:37.870] [modloading-worker-0/DEBUG] [net.minecraftforge.fml.javafmlmod.AutomaticEventSubscriber/LOADING]: Auto-subscribing com.github.ysbbbbbb.kaleidoscopecookery.event.ScarecrowFarmlandTrampleEvent to FORGE
[217月2026 21:47:37.871] [modloading-worker-0/DEBUG] [net.minecraftforge.fml.javafmlmod.AutomaticEventSubscriber/LOADING]: Auto-subscribing com.github.ysbbbbbb.kaleidoscopecookery.event.RightClickEvent to FORGE
[217月2026 21:47:37.872] [modloading-worker-0/DEBUG] [net.minecraftforge.fml.javafmlmod.AutomaticEventSubscriber/LOADING]: Auto-subscribing com.github.ysbbbbbb.kaleidoscopecookery.event.ModTradesEvent to FORGE
[217月2026 21:47:37.874] [modloading-worker-0/DEBUG] [net.minecraftforge.fml.javafmlmod.AutomaticEventSubscriber/LOADING]: Auto-subscribing com.github.ysbbbbbb.kaleidoscopecookery.event.LeftClickEvent to FORGE
[217月2026 21:47:37.875] [modloading-worker-0/DEBUG] [net.minecraftforge.fml.javafmlmod.AutomaticEventSubscriber/LOADING]: Auto-subscribing com.github.ysbbbbbb.kaleidoscopecookery.event.HoeUseEvent to FORGE
[217月2026 21:47:37.877] [modloading-worker-0/DEBUG] [net.minecraftforge.fml.javafmlmod.AutomaticEventSubscriber/LOADING]: Auto-subscribing com.github.ysbbbbbb.kaleidoscopecookery.event.EntityJoinWorldEvent to FORGE
[217月2026 21:47:37.878] [modloading-worker-0/DEBUG] [net.minecraftforge.fml.javafmlmod.AutomaticEventSubscriber/LOADING]: Auto-subscribing com.github.ysbbbbbb.kaleidoscopecookery.event.ArmorEffectEvent to FORGE
[217月2026 21:47:37.879] [modloading-worker-0/DEBUG] [net.minecraftforge.fml.javafmlmod.AutomaticEventSubscriber/LOADING]: Auto-subscribing com.github.ysbbbbbb.kaleidoscopecookery.event.AddVillageStructuresEvent to FORGE
[217月2026 21:47:37.880] [modloading-worker-0/DEBUG] [net.minecraftforge.fml.javafmlmod.AutomaticEventSubscriber/LOADING]: Auto-subscribing com.github.ysbbbbbb.kaleidoscopecookery.datagen.DataGenerators to MOD
[217月2026 21:47:37.881] [modloading-worker-0/DEBUG] [net.minecraftforge.fml.javafmlmod.AutomaticEventSubscriber/LOADING]: Auto-subscribing com.github.ysbbbbbb.kaleidoscopecookery.client.init.ParticleFactoryRegistry to MOD
[217月2026 21:47:37.882] [modloading-worker-0/DEBUG] [net.minecraftforge.fml.javafmlmod.AutomaticEventSubscriber/LOADING]: Auto-subscribing com.github.ysbbbbbb.kaleidoscopecookery.client.init.ModEntitiesRender to MOD
[217月2026 21:47:37.883] [modloading-worker-0/DEBUG] [net.minecraftforge.fml.javafmlmod.AutomaticEventSubscriber/LOADING]: Auto-subscribing com.github.ysbbbbbb.kaleidoscopecookery.client.init.InitClientTooltip to MOD
[217月2026 21:47:37.884] [modloading-worker-0/DEBUG] [net.minecraftforge.fml.javafmlmod.AutomaticEventSubscriber/LOADING]: Auto-subscribing com.github.ysbbbbbb.kaleidoscopecookery.client.init.ClientSetupEvent to MOD
[217月2026 21:47:37.887] [modloading-worker-0/DEBUG] [net.minecraftforge.fml.javafmlmod.AutomaticEventSubscriber/LOADING]: Auto-subscribing com.github.ysbbbbbb.kaleidoscopecookery.client.event.ModModelEvent to MOD
[217月2026 21:47:38.018] [modloading-worker-0/DEBUG] [net.minecraftforge.fml.config.ConfigTracker/CONFIG]: Config file irons_spellbooks-client.toml for irons_spellbooks tracking
[217月2026 21:47:38.023] [modloading-worker-0/DEBUG] [net.minecraftforge.fml.config.ConfigTracker/CONFIG]: Config file irons_spellbooks-server.toml for irons_spellbooks tracking
[217月2026 21:47:38.023] [modloading-worker-0/DEBUG] [net.minecraftforge.fml.javafmlmod.AutomaticEventSubscriber/LOADING]: Attempting to inject @EventBusSubscriber classes into the eventbus for irons_spellbooks
[217月2026 21:47:38.023] [modloading-worker-0/DEBUG] [net.minecraftforge.fml.javafmlmod.AutomaticEventSubscriber/LOADING]: Auto-subscribing io.redspace.ironsspellbooks.worldgen.VillageAddition to FORGE
[217月2026 21:47:38.024] [modloading-worker-0/DEBUG] [net.minecraftforge.fml.javafmlmod.AutomaticEventSubscriber/LOADING]: Auto-subscribing io.redspace.ironsspellbooks.setup.CommonSetup to MOD
[217月2026 21:47:38.027] [modloading-worker-0/DEBUG] [net.minecraftforge.fml.javafmlmod.AutomaticEventSubscriber/LOADING]: Auto-subscribing io.redspace.ironsspellbooks.setup.ClientSetup to MOD
[217月2026 21:47:38.038] [modloading-worker-0/DEBUG] [mixin/]: Mixing core.model.BakedModelMixin from embeddium.mixins.json into net.minecraft.client.resources.model.BakedModel
[217月2026 21:47:38.048] [modloading-worker-0/DEBUG] [mixin/]: Mixing features.model.ModelBakeryMixin from embeddium.mixins.json into net.minecraft.client.resources.model.ModelBakery
[217月2026 21:47:38.061] [modloading-worker-0/DEBUG] [net.minecraftforge.fml.javafmlmod.AutomaticEventSubscriber/LOADING]: Auto-subscribing io.redspace.ironsspellbooks.registries.PotionRegistry to FORGE
[217月2026 21:47:38.062] [modloading-worker-0/DEBUG] [net.minecraftforge.fml.javafmlmod.AutomaticEventSubscriber/LOADING]: Auto-subscribing io.redspace.ironsspellbooks.registries.OverlayRegistry to MOD
[217月2026 21:47:38.063] [modloading-worker-0/DEBUG] [net.minecraftforge.fml.javafmlmod.AutomaticEventSubscriber/LOADING]: Auto-subscribing io.redspace.ironsspellbooks.registries.CreativeTabRegistry to MOD
[217月2026 21:47:38.063] [modloading-worker-0/DEBUG] [net.minecraftforge.fml.javafmlmod.AutomaticEventSubscriber/LOADING]: Auto-subscribing io.redspace.ironsspellbooks.registries.CommandRegistry to FORGE
[217月2026 21:47:38.064] [modloading-worker-0/DEBUG] [net.minecraftforge.fml.javafmlmod.AutomaticEventSubscriber/LOADING]: Auto-subscribing io.redspace.ironsspellbooks.player.ServerPlayerEvents to FORGE
[217月2026 21:47:38.086] [modloading-worker-0/DEBUG] [net.minecraftforge.fml.javafmlmod.AutomaticEventSubscriber/LOADING]: Auto-subscribing io.redspace.ironsspellbooks.player.KeyMappings to MOD
[217月2026 21:47:38.129] [modloading-worker-0/DEBUG] [net.minecraftforge.fml.javafmlmod.AutomaticEventSubscriber/LOADING]: Auto-subscribing io.redspace.ironsspellbooks.player.ClientPlayerEvents to FORGE
[217月2026 21:47:38.136] [modloading-worker-0/DEBUG] [mixin/]: Mixing core.render.MatrixStackMixin from embeddium.mixins.json into com.mojang.blaze3d.vertex.PoseStack
[217月2026 21:47:38.154] [modloading-worker-0/DEBUG] [mixin/]: Mixing firstPerson.CameraAccessor from playerAnimator-common.mixins.json into net.minecraft.client.Camera
[217月2026 21:47:38.154] [modloading-worker-0/DEBUG] [mixin/]: playerAnimator-common.mixins.json:firstPerson.CameraAccessor: Class version 61 required is higher than the class version supported by the current version of Mixin (JAVA_16 supports class version 60)
[217月2026 21:47:38.160] [modloading-worker-0/DEBUG] [net.minecraftforge.fml.javafmlmod.AutomaticEventSubscriber/LOADING]: Auto-subscribing io.redspace.ironsspellbooks.player.ClientInputEvents to FORGE
[217月2026 21:47:38.162] [modloading-worker-0/DEBUG] [net.minecraftforge.fml.javafmlmod.AutomaticEventSubscriber/LOADING]: Auto-subscribing io.redspace.ironsspellbooks.player.AdditionalWanderingTrades to FORGE
[217月2026 21:47:38.163] [modloading-worker-0/DEBUG] [net.minecraftforge.fml.javafmlmod.AutomaticEventSubscriber/LOADING]: Auto-subscribing io.redspace.ironsspellbooks.particle.FallingBlockParticle to FORGE
[217月2026 21:47:38.164] [modloading-worker-0/DEBUG] [mixin/]: Mixing features.textures.animations.tracking.SpriteBillboardParticleMixin from embeddium.mixins.json into net.minecraft.client.particle.TextureSheetParticle
[217月2026 21:47:38.171] [modloading-worker-0/DEBUG] [mixin/]: Mixing features.render.particle.BillboardParticleMixin from embeddium.mixins.json into net.minecraft.client.particle.SingleQuadParticle
[217月2026 21:47:38.192] [modloading-worker-0/DEBUG] [mixin/]: Mixing ParticleAccessor from mixins.irons_spellbooks.json into net.minecraft.client.particle.Particle
[217月2026 21:47:38.223] [modloading-worker-0/DEBUG] [mixin/]: Mixing ParticleMixin from mixins.irons_spellbooks.json into net.minecraft.client.particle.Particle
[217月2026 21:47:38.239] [modloading-worker-0/DEBUG] [mixin/]: Mixing features.render.immediate.matrix_stack.VertexConsumerMixin from embeddium.mixins.json into com.mojang.blaze3d.vertex.VertexConsumer
[217月2026 21:47:38.248] [modloading-worker-0/DEBUG] [mixin/]: Mixing features.render.world.clouds.WorldRendererMixin from embeddium.mixins.json into net.minecraft.client.renderer.LevelRenderer
[217月2026 21:47:38.250] [modloading-worker-0/DEBUG] [mixin/]: Mixing firstPerson.LevelRendererMixin from playerAnimator-common.mixins.json into net.minecraft.client.renderer.LevelRenderer
[217月2026 21:47:38.250] [modloading-worker-0/DEBUG] [mixin/]: playerAnimator-common.mixins.json:firstPerson.LevelRendererMixin: Class version 61 required is higher than the class version supported by the current version of Mixin (JAVA_16 supports class version 60)
[217月2026 21:47:38.251] [modloading-worker-0/DEBUG] [mixin/]: Mixing features.options.weather.WorldRendererMixin from embeddium.mixins.json into net.minecraft.client.renderer.LevelRenderer
[217月2026 21:47:38.251] [modloading-worker-0/DEBUG] [mixin/]: Mixing features.render.gui.outlines.WorldRendererMixin from embeddium.mixins.json into net.minecraft.client.renderer.LevelRenderer
[217月2026 21:47:38.260] [modloading-worker-0/DEBUG] [mixin/]: Mixing features.render.world.sky.WorldRendererMixin from embeddium.mixins.json into net.minecraft.client.renderer.LevelRenderer
[217月2026 21:47:38.261] [modloading-worker-0/DEBUG] [mixin/]: Mixing core.render.world.WorldRendererMixin from embeddium.mixins.json into net.minecraft.client.renderer.LevelRenderer
[217月2026 21:47:38.438] [modloading-worker-0/DEBUG] [mixin/]: Mixing core.render.frustum.FrustumMixin from embeddium.mixins.json into net.minecraft.client.renderer.culling.Frustum
[217月2026 21:47:38.448] [modloading-worker-0/DEBUG] [net.minecraftforge.fml.javafmlmod.AutomaticEventSubscriber/LOADING]: Auto-subscribing io.redspace.ironsspellbooks.particle.ClientShieldHelper to FORGE
[217月2026 21:47:38.450] [modloading-worker-0/DEBUG] [net.minecraftforge.fml.javafmlmod.AutomaticEventSubscriber/LOADING]: Auto-subscribing io.redspace.ironsspellbooks.item.curios.WickedBoneRingItem to FORGE
[217月2026 21:47:38.456] [modloading-worker-0/DEBUG] [net.minecraftforge.fml.javafmlmod.AutomaticEventSubscriber/LOADING]: Auto-subscribing io.redspace.ironsspellbooks.item.curios.LurkerRing to FORGE
[217月2026 21:47:38.457] [modloading-worker-0/DEBUG] [net.minecraftforge.fml.javafmlmod.AutomaticEventSubscriber/LOADING]: Auto-subscribing io.redspace.ironsspellbooks.item.curios.BetrayerSignetRingItem to FORGE
[217月2026 21:47:38.458] [modloading-worker-0/DEBUG] [net.minecraftforge.fml.javafmlmod.AutomaticEventSubscriber/LOADING]: Auto-subscribing io.redspace.ironsspellbooks.gui.overlays.RecastOverlay to FORGE
[217月2026 21:47:38.459] [modloading-worker-0/DEBUG] [net.minecraftforge.fml.javafmlmod.AutomaticEventSubscriber/LOADING]: Auto-subscribing io.redspace.ironsspellbooks.entity.mobs.wizards.WizardAIEvents to FORGE
[217月2026 21:47:38.461] [modloading-worker-0/DEBUG] [net.minecraftforge.fml.javafmlmod.AutomaticEventSubscriber/LOADING]: Auto-subscribing io.redspace.ironsspellbooks.entity.mobs.dead_king_boss.DeadKingBoss to FORGE
[217月2026 21:47:38.495] [modloading-worker-0/DEBUG] [mixin/]: Mixing client.MixinCommandSourceStack from architectury.mixins.json into net.minecraft.commands.CommandSourceStack
[217月2026 21:47:38.516] [modloading-worker-0/DEBUG] [net.minecraftforge.fml.javafmlmod.AutomaticEventSubscriber/LOADING]: Auto-subscribing io.redspace.ironsspellbooks.effect.guiding_bolt.GuidingBoltManager to FORGE
[217月2026 21:47:38.518] [modloading-worker-0/DEBUG] [net.minecraftforge.fml.javafmlmod.AutomaticEventSubscriber/LOADING]: Auto-subscribing io.redspace.ironsspellbooks.effect.TrueInvisibilityEffect to FORGE
[217月2026 21:47:38.518] [modloading-worker-0/DEBUG] [net.minecraftforge.fml.javafmlmod.AutomaticEventSubscriber/LOADING]: Auto-subscribing io.redspace.ironsspellbooks.effect.ThunderstormEffect to FORGE
[217月2026 21:47:38.519] [modloading-worker-0/DEBUG] [net.minecraftforge.fml.javafmlmod.AutomaticEventSubscriber/LOADING]: Auto-subscribing io.redspace.ironsspellbooks.effect.SpiderAspectEffect to FORGE
[217月2026 21:47:38.520] [modloading-worker-0/DEBUG] [net.minecraftforge.fml.javafmlmod.AutomaticEventSubscriber/LOADING]: Auto-subscribing io.redspace.ironsspellbooks.effect.SoulBurnMobEffect to FORGE
[217月2026 21:47:38.520] [modloading-worker-0/DEBUG] [net.minecraftforge.fml.javafmlmod.AutomaticEventSubscriber/LOADING]: Auto-subscribing io.redspace.ironsspellbooks.effect.SacrificialMarkEffect to FORGE
[217月2026 21:47:38.520] [modloading-worker-0/DEBUG] [net.minecraftforge.fml.javafmlmod.AutomaticEventSubscriber/LOADING]: Auto-subscribing io.redspace.ironsspellbooks.effect.OakskinEffect to FORGE
[217月2026 21:47:38.522] [modloading-worker-0/DEBUG] [net.minecraftforge.fml.javafmlmod.AutomaticEventSubscriber/LOADING]: Auto-subscribing io.redspace.ironsspellbooks.effect.GluttonyEffect to FORGE
[217月2026 21:47:38.522] [modloading-worker-0/DEBUG] [net.minecraftforge.fml.javafmlmod.AutomaticEventSubscriber/LOADING]: Auto-subscribing io.redspace.ironsspellbooks.effect.FrostbiteEffect to FORGE
[217月2026 21:47:38.523] [modloading-worker-0/DEBUG] [net.minecraftforge.fml.javafmlmod.AutomaticEventSubscriber/LOADING]: Auto-subscribing io.redspace.ironsspellbooks.effect.EchoingStrikesEffect to FORGE
[217月2026 21:47:38.525] [modloading-worker-0/DEBUG] [net.minecraftforge.fml.javafmlmod.AutomaticEventSubscriber/LOADING]: Auto-subscribing io.redspace.ironsspellbooks.effect.BlightEffect to FORGE
[217月2026 21:47:38.525] [modloading-worker-0/DEBUG] [net.minecraftforge.fml.javafmlmod.AutomaticEventSubscriber/LOADING]: Auto-subscribing io.redspace.ironsspellbooks.datagen.DataGenerators to MOD
[217月2026 21:47:38.528] [modloading-worker-0/DEBUG] [net.minecraftforge.fml.javafmlmod.AutomaticEventSubscriber/LOADING]: Auto-subscribing io.redspace.ironsspellbooks.damage.DamageSources to FORGE
[217月2026 21:47:38.530] [modloading-worker-0/DEBUG] [net.minecraftforge.fml.javafmlmod.AutomaticEventSubscriber/LOADING]: Auto-subscribing io.redspace.ironsspellbooks.capabilities.magic.SummonManager to FORGE
[217月2026 21:47:38.543] [modloading-worker-0/DEBUG] [net.minecraftforge.fml.javafmlmod.AutomaticEventSubscriber/LOADING]: Auto-subscribing io.redspace.ironsspellbooks.api.util.MusicManager to FORGE
[217月2026 21:47:38.545] [modloading-worker-0/DEBUG] [net.minecraftforge.fml.javafmlmod.AutomaticEventSubscriber/LOADING]: Auto-subscribing io.redspace.ironsspellbooks.api.util.FogManager to FORGE
[217月2026 21:47:38.546] [modloading-worker-0/DEBUG] [net.minecraftforge.fml.javafmlmod.AutomaticEventSubscriber/LOADING]: Auto-subscribing io.redspace.ironsspellbooks.api.util.CameraShakeManager to FORGE
[217月2026 21:47:38.550] [modloading-worker-0/DEBUG] [mixin/]: Mixing features.gui.hooks.console.GameRendererMixin from embeddium.mixins.json into net.minecraft.client.renderer.GameRenderer
[217月2026 21:47:38.566] [modloading-worker-0/DEBUG] [net.minecraftforge.fml.javafmlmod.AutomaticEventSubscriber/LOADING]: Auto-subscribing io.redspace.ironsspellbooks.api.util.BossbarManager to FORGE
[217月2026 21:47:38.567] [modloading-worker-0/DEBUG] [net.minecraftforge.fml.javafmlmod.AutomaticEventSubscriber/LOADING]: Auto-subscribing io.redspace.ironsspellbooks.api.registry.AttributeRegistry to MOD
[217月2026 21:47:38.568] [modloading-worker-0/DEBUG] [net.minecraftforge.fml.javafmlmod.AutomaticEventSubscriber/LOADING]: Auto-subscribing io.redspace.ironsspellbooks.api.config.SpellConfigManager to FORGE
[217月2026 21:47:38.572] [modloading-worker-0/DEBUG] [net.minecraftforge.fml.javafmlmod.AutomaticEventSubscriber/LOADING]: Auto-subscribing io.redspace.ironsspellbooks.api.backwards_compat.UpgradeTypeCache to FORGE
[217月2026 21:47:38.600] [main/DEBUG] [net.minecraftforge.registries.ObjectHolderRegistry/REGISTRIES]: Processing ObjectHolder annotations
[217月2026 21:47:38.622] [main/DEBUG] [net.minecraftforge.registries.ObjectHolderRegistry/REGISTRIES]: Found 5366 ObjectHolder annotations
[217月2026 21:47:38.625] [main/DEBUG] [net.minecraftforge.common.capabilities.CapabilityManager/CAPABILITIES]: Attempting to automatically register: Lnet/minecraftforge/energy/IEnergyStorage;
[217月2026 21:47:38.626] [main/DEBUG] [net.minecraftforge.common.capabilities.CapabilityManager/CAPABILITIES]: Attempting to automatically register: Lnet/minecraftforge/fluids/capability/IFluidHandler;
[217月2026 21:47:38.626] [main/DEBUG] [net.minecraftforge.common.capabilities.CapabilityManager/CAPABILITIES]: Attempting to automatically register: Lnet/minecraftforge/fluids/capability/IFluidHandlerItem;
[217月2026 21:47:38.626] [main/DEBUG] [net.minecraftforge.common.capabilities.CapabilityManager/CAPABILITIES]: Attempting to automatically register: Lnet/minecraftforge/items/IItemHandler;
[217月2026 21:47:38.627] [main/DEBUG] [net.minecraftforge.registries.GameData/REGISTRIES]: Unfreezing vanilla registries
[217月2026 21:47:38.634] [main/DEBUG] [net.minecraftforge.registries.GameData/REGISTRIES]: Applying holder lookups: minecraft:sound_event
[217月2026 21:47:38.638] [main/DEBUG] [net.minecraftforge.registries.GameData/REGISTRIES]: Holder lookups applied: minecraft:sound_event
[217月2026 21:47:38.641] [main/DEBUG] [net.minecraftforge.registries.GameData/REGISTRIES]: Applying holder lookups: minecraft:fluid
[217月2026 21:47:38.642] [main/DEBUG] [net.minecraftforge.registries.GameData/REGISTRIES]: Holder lookups applied: minecraft:fluid
[217月2026 21:47:38.721] [main/DEBUG] [mixin/]: Mixing VaultServerDataAccessor from mixins.irons_spellbooks.json into io.redspace.ironsspellbooks.api.backwards_compat.blocks.vault.data.VaultServerData
[217月2026 21:47:39.034] [main/DEBUG] [net.minecraftforge.registries.GameData/REGISTRIES]: Applying holder lookups: minecraft:block
[217月2026 21:47:39.036] [main/DEBUG] [net.minecraftforge.registries.GameData/REGISTRIES]: Holder lookups applied: minecraft:block
[217月2026 21:47:39.040] [main/DEBUG] [net.minecraftforge.registries.GameData/REGISTRIES]: Applying holder lookups: minecraft:attribute
[217月2026 21:47:39.041] [main/DEBUG] [net.minecraftforge.registries.GameData/REGISTRIES]: Holder lookups applied: minecraft:attribute
[217月2026 21:47:39.050] [main/DEBUG] [net.minecraftforge.registries.GameData/REGISTRIES]: Applying holder lookups: minecraft:mob_effect
[217月2026 21:47:39.052] [main/DEBUG] [net.minecraftforge.registries.GameData/REGISTRIES]: Holder lookups applied: minecraft:mob_effect
[217月2026 21:47:39.086] [main/DEBUG] [net.minecraftforge.registries.GameData/REGISTRIES]: Applying holder lookups: minecraft:particle_type
[217月2026 21:47:39.087] [main/DEBUG] [net.minecraftforge.registries.GameData/REGISTRIES]: Holder lookups applied: minecraft:particle_type
[217月2026 21:47:39.112] [main/DEBUG] [software.bernie.geckolib.GeckoLib/]: Registered SyncedAnimatable for class software.bernie.example.item.JackInTheBoxItem
[217月2026 21:47:39.151] [main/DEBUG] [mixin/]: Mixing BipedEntityModelMixin from playerAnimator-common.mixins.json into net.minecraft.client.model.HumanoidModel
[217月2026 21:47:39.154] [main/DEBUG] [mixin/]: playerAnimator-common.mixins.json:BipedEntityModelMixin: Class version 61 required is higher than the class version supported by the current version of Mixin (JAVA_16 supports class version 60)
[217月2026 21:47:39.154] [main/DEBUG] [mixin/]: Renaming synthetic method lambda$renderToBuffer$3(Lcom/mojang/blaze3d/vertex/PoseStack;Lcom/mojang/blaze3d/vertex/VertexConsumer;IIFFFFLnet/minecraft/client/model/geom/ModelPart;)V to mda679f8$lambda$renderToBuffer$3$0 in playerAnimator-common.mixins.json:BipedEntityModelMixin
[217月2026 21:47:39.155] [main/DEBUG] [mixin/]: Renaming synthetic method lambda$renderToBuffer$2(Lcom/mojang/blaze3d/vertex/PoseStack;Lcom/mojang/blaze3d/vertex/VertexConsumer;IIFFFFLnet/minecraft/client/model/geom/ModelPart;)V to mda679f8$lambda$renderToBuffer$2$1 in playerAnimator-common.mixins.json:BipedEntityModelMixin
[217月2026 21:47:39.155] [main/DEBUG] [mixin/]: Renaming synthetic method lambda$renderToBuffer$1(Lcom/mojang/blaze3d/vertex/PoseStack;Lcom/mojang/blaze3d/vertex/VertexConsumer;IIFFFFLnet/minecraft/client/model/geom/ModelPart;)V to mda679f8$lambda$renderToBuffer$1$2 in playerAnimator-common.mixins.json:BipedEntityModelMixin
[217月2026 21:47:39.155] [main/DEBUG] [mixin/]: Renaming synthetic method lambda$renderToBuffer$0(Lcom/mojang/blaze3d/vertex/PoseStack;Lcom/mojang/blaze3d/vertex/VertexConsumer;IIFFFFLnet/minecraft/client/model/geom/ModelPart;)V to mda679f8$lambda$renderToBuffer$0$3 in playerAnimator-common.mixins.json:BipedEntityModelMixin
[217月2026 21:47:39.179] [main/DEBUG] [io.netty.util.internal.InternalThreadLocalMap/]: -Dio.netty.threadLocalMap.stringBuilder.initialSize: 1024
[217月2026 21:47:39.179] [main/DEBUG] [io.netty.util.internal.InternalThreadLocalMap/]: -Dio.netty.threadLocalMap.stringBuilder.maxSize: 4096
[217月2026 21:47:39.179] [main/DEBUG] [io.netty.util.internal.ThreadLocalRandom/]: -Dio.netty.initialSeedUniquifier: 0xe2b773789ded5a34
[217月2026 21:47:39.202] [main/DEBUG] [net.minecraftforge.registries.GameData/REGISTRIES]: Applying holder lookups: minecraft:item
[217月2026 21:47:39.204] [main/DEBUG] [net.minecraftforge.registries.GameData/REGISTRIES]: Holder lookups applied: minecraft:item
[217月2026 21:47:39.331] [main/DEBUG] [net.minecraftforge.registries.GameData/REGISTRIES]: Applying holder lookups: minecraft:entity_type
[217月2026 21:47:39.332] [main/DEBUG] [net.minecraftforge.registries.GameData/REGISTRIES]: Holder lookups applied: minecraft:entity_type
[217月2026 21:47:39.332] [main/DEBUG] [net.minecraftforge.registries.GameData/REGISTRIES]: Applying holder lookups: minecraft:sensor_type
[217月2026 21:47:39.332] [main/DEBUG] [net.minecraftforge.registries.GameData/REGISTRIES]: Holder lookups applied: minecraft:sensor_type
[217月2026 21:47:39.333] [main/DEBUG] [net.minecraftforge.registries.GameData/REGISTRIES]: Applying holder lookups: minecraft:memory_module_type
[217月2026 21:47:39.333] [main/DEBUG] [net.minecraftforge.registries.GameData/REGISTRIES]: Holder lookups applied: minecraft:memory_module_type
[217月2026 21:47:39.333] [main/DEBUG] [net.minecraftforge.registries.GameData/REGISTRIES]: Applying holder lookups: minecraft:potion
[217月2026 21:47:39.334] [main/DEBUG] [net.minecraftforge.registries.GameData/REGISTRIES]: Holder lookups applied: minecraft:potion
[217月2026 21:47:39.334] [main/DEBUG] [net.minecraftforge.registries.GameData/REGISTRIES]: Applying holder lookups: minecraft:game_event
[217月2026 21:47:39.334] [main/DEBUG] [net.minecraftforge.registries.GameData/REGISTRIES]: Holder lookups applied: minecraft:game_event
[217月2026 21:47:39.334] [main/DEBUG] [net.minecraftforge.registries.GameData/REGISTRIES]: Applying holder lookups: minecraft:enchantment
[217月2026 21:47:39.335] [main/DEBUG] [net.minecraftforge.registries.GameData/REGISTRIES]: Holder lookups applied: minecraft:enchantment
[217月2026 21:47:39.357] [main/DEBUG] [net.minecraftforge.registries.GameData/REGISTRIES]: Applying holder lookups: minecraft:block_entity_type
[217月2026 21:47:39.358] [main/DEBUG] [net.minecraftforge.registries.GameData/REGISTRIES]: Holder lookups applied: minecraft:block_entity_type
[217月2026 21:47:39.358] [main/DEBUG] [net.minecraftforge.registries.GameData/REGISTRIES]: Applying holder lookups: minecraft:painting_variant
[217月2026 21:47:39.358] [main/DEBUG] [net.minecraftforge.registries.GameData/REGISTRIES]: Holder lookups applied: minecraft:painting_variant
[217月2026 21:47:39.358] [main/DEBUG] [net.minecraftforge.registries.GameData/REGISTRIES]: Applying holder lookups: minecraft:stat_type
[217月2026 21:47:39.359] [main/DEBUG] [net.minecraftforge.registries.GameData/REGISTRIES]: Holder lookups applied: minecraft:stat_type
[217月2026 21:47:39.359] [main/DEBUG] [net.minecraftforge.registries.GameData/REGISTRIES]: Applying holder lookups: minecraft:custom_stat
[217月2026 21:47:39.359] [main/DEBUG] [net.minecraftforge.registries.GameData/REGISTRIES]: Holder lookups applied: minecraft:custom_stat
[217月2026 21:47:39.359] [main/DEBUG] [net.minecraftforge.registries.GameData/REGISTRIES]: Applying holder lookups: minecraft:chunk_status
[217月2026 21:47:39.360] [main/DEBUG] [net.minecraftforge.registries.GameData/REGISTRIES]: Holder lookups applied: minecraft:chunk_status
[217月2026 21:47:39.360] [main/DEBUG] [net.minecraftforge.registries.GameData/REGISTRIES]: Applying holder lookups: minecraft:rule_test
[217月2026 21:47:39.360] [main/DEBUG] [net.minecraftforge.registries.GameData/REGISTRIES]: Holder lookups applied: minecraft:rule_test
[217月2026 21:47:39.360] [main/DEBUG] [net.minecraftforge.registries.GameData/REGISTRIES]: Applying holder lookups: minecraft:rule_block_entity_modifier
[217月2026 21:47:39.361] [main/DEBUG] [net.minecraftforge.registries.GameData/REGISTRIES]: Holder lookups applied: minecraft:rule_block_entity_modifier
[217月2026 21:47:39.361] [main/DEBUG] [net.minecraftforge.registries.GameData/REGISTRIES]: Applying holder lookups: minecraft:pos_rule_test
[217月2026 21:47:39.361] [main/DEBUG] [net.minecraftforge.registries.GameData/REGISTRIES]: Holder lookups applied: minecraft:pos_rule_test
[217月2026 21:47:39.371] [main/DEBUG] [net.minecraftforge.registries.GameData/REGISTRIES]: Applying holder lookups: minecraft:menu
[217月2026 21:47:39.371] [main/DEBUG] [net.minecraftforge.registries.GameData/REGISTRIES]: Holder lookups applied: minecraft:menu
[217月2026 21:47:39.373] [main/DEBUG] [net.minecraftforge.registries.GameData/REGISTRIES]: Applying holder lookups: minecraft:recipe_type
[217月2026 21:47:39.374] [main/DEBUG] [net.minecraftforge.registries.GameData/REGISTRIES]: Holder lookups applied: minecraft:recipe_type
[217月2026 21:47:39.390] [main/DEBUG] [net.minecraftforge.registries.GameData/REGISTRIES]: Applying holder lookups: minecraft:recipe_serializer
[217月2026 21:47:39.391] [main/DEBUG] [net.minecraftforge.registries.GameData/REGISTRIES]: Holder lookups applied: minecraft:recipe_serializer
[217月2026 21:47:39.391] [main/DEBUG] [net.minecraftforge.registries.GameData/REGISTRIES]: Applying holder lookups: minecraft:position_source_type
[217月2026 21:47:39.391] [main/DEBUG] [net.minecraftforge.registries.GameData/REGISTRIES]: Holder lookups applied: minecraft:position_source_type
[217月2026 21:47:39.394] [main/DEBUG] [net.minecraftforge.registries.GameData/REGISTRIES]: Applying holder lookups: minecraft:command_argument_type
[217月2026 21:47:39.394] [main/DEBUG] [net.minecraftforge.registries.GameData/REGISTRIES]: Holder lookups applied: minecraft:command_argument_type
[217月2026 21:47:39.395] [main/DEBUG] [net.minecraftforge.registries.GameData/REGISTRIES]: Applying holder lookups: minecraft:villager_type
[217月2026 21:47:39.395] [main/DEBUG] [net.minecraftforge.registries.GameData/REGISTRIES]: Holder lookups applied: minecraft:villager_type
[217月2026 21:47:39.395] [main/DEBUG] [net.minecraftforge.registries.GameData/REGISTRIES]: Applying holder lookups: minecraft:villager_profession
[217月2026 21:47:39.396] [main/DEBUG] [net.minecraftforge.registries.GameData/REGISTRIES]: Holder lookups applied: minecraft:villager_profession
[217月2026 21:47:39.397] [main/DEBUG] [net.minecraftforge.registries.GameData/REGISTRIES]: Applying holder lookups: minecraft:point_of_interest_type
[217月2026 21:47:39.397] [main/DEBUG] [net.minecraftforge.registries.GameData/REGISTRIES]: Holder lookups applied: minecraft:point_of_interest_type
[217月2026 21:47:39.397] [main/DEBUG] [net.minecraftforge.registries.GameData/REGISTRIES]: Applying holder lookups: minecraft:schedule
[217月2026 21:47:39.398] [main/DEBUG] [net.minecraftforge.registries.GameData/REGISTRIES]: Holder lookups applied: minecraft:schedule
[217月2026 21:47:39.398] [main/DEBUG] [net.minecraftforge.registries.GameData/REGISTRIES]: Applying holder lookups: minecraft:activity
[217月2026 21:47:39.398] [main/DEBUG] [net.minecraftforge.registries.GameData/REGISTRIES]: Holder lookups applied: minecraft:activity
[217月2026 21:47:39.398] [main/DEBUG] [net.minecraftforge.registries.GameData/REGISTRIES]: Applying holder lookups: minecraft:loot_pool_entry_type
[217月2026 21:47:39.399] [main/DEBUG] [net.minecraftforge.registries.GameData/REGISTRIES]: Holder lookups applied: minecraft:loot_pool_entry_type
[217月2026 21:47:39.403] [main/DEBUG] [net.minecraftforge.registries.GameData/REGISTRIES]: Applying holder lookups: minecraft:loot_function_type
[217月2026 21:47:39.404] [main/DEBUG] [net.minecraftforge.registries.GameData/REGISTRIES]: Holder lookups applied: minecraft:loot_function_type
[217月2026 21:47:39.406] [main/DEBUG] [net.minecraftforge.registries.GameData/REGISTRIES]: Applying holder lookups: minecraft:loot_condition_type
[217月2026 21:47:39.406] [main/DEBUG] [net.minecraftforge.registries.GameData/REGISTRIES]: Holder lookups applied: minecraft:loot_condition_type
[217月2026 21:47:39.406] [main/DEBUG] [net.minecraftforge.registries.GameData/REGISTRIES]: Applying holder lookups: minecraft:loot_number_provider_type
[217月2026 21:47:39.407] [main/DEBUG] [net.minecraftforge.registries.GameData/REGISTRIES]: Holder lookups applied: minecraft:loot_number_provider_type
[217月2026 21:47:39.407] [main/DEBUG] [net.minecraftforge.registries.GameData/REGISTRIES]: Applying holder lookups: minecraft:loot_nbt_provider_type
[217月2026 21:47:39.407] [main/DEBUG] [net.minecraftforge.registries.GameData/REGISTRIES]: Holder lookups applied: minecraft:loot_nbt_provider_type
[217月2026 21:47:39.407] [main/DEBUG] [net.minecraftforge.registries.GameData/REGISTRIES]: Applying holder lookups: minecraft:loot_score_provider_type
[217月2026 21:47:39.408] [main/DEBUG] [net.minecraftforge.registries.GameData/REGISTRIES]: Holder lookups applied: minecraft:loot_score_provider_type
[217月2026 21:47:39.408] [main/DEBUG] [net.minecraftforge.registries.GameData/REGISTRIES]: Applying holder lookups: minecraft:float_provider_type
[217月2026 21:47:39.408] [main/DEBUG] [net.minecraftforge.registries.GameData/REGISTRIES]: Holder lookups applied: minecraft:float_provider_type
[217月2026 21:47:39.409] [main/DEBUG] [net.minecraftforge.registries.GameData/REGISTRIES]: Applying holder lookups: minecraft:int_provider_type
[217月2026 21:47:39.409] [main/DEBUG] [net.minecraftforge.registries.GameData/REGISTRIES]: Holder lookups applied: minecraft:int_provider_type
[217月2026 21:47:39.409] [main/DEBUG] [net.minecraftforge.registries.GameData/REGISTRIES]: Applying holder lookups: minecraft:height_provider_type
[217月2026 21:47:39.409] [main/DEBUG] [net.minecraftforge.registries.GameData/REGISTRIES]: Holder lookups applied: minecraft:height_provider_type
[217月2026 21:47:39.409] [main/DEBUG] [net.minecraftforge.registries.GameData/REGISTRIES]: Applying holder lookups: minecraft:block_predicate_type
[217月2026 21:47:39.410] [main/DEBUG] [net.minecraftforge.registries.GameData/REGISTRIES]: Holder lookups applied: minecraft:block_predicate_type
[217月2026 21:47:39.410] [main/DEBUG] [net.minecraftforge.registries.GameData/REGISTRIES]: Applying holder lookups: minecraft:worldgen/carver
[217月2026 21:47:39.410] [main/DEBUG] [net.minecraftforge.registries.GameData/REGISTRIES]: Holder lookups applied: minecraft:worldgen/carver
[217月2026 21:47:39.412] [main/DEBUG] [net.minecraftforge.registries.GameData/REGISTRIES]: Applying holder lookups: minecraft:worldgen/feature
[217月2026 21:47:39.413] [main/DEBUG] [net.minecraftforge.registries.GameData/REGISTRIES]: Holder lookups applied: minecraft:worldgen/feature
[217月2026 21:47:39.414] [main/DEBUG] [net.minecraftforge.registries.GameData/REGISTRIES]: Applying holder lookups: minecraft:worldgen/structure_processor
[217月2026 21:47:39.414] [main/DEBUG] [net.minecraftforge.registries.GameData/REGISTRIES]: Holder lookups applied: minecraft:worldgen/structure_processor
[217月2026 21:47:39.415] [main/DEBUG] [net.minecraftforge.registries.GameData/REGISTRIES]: Applying holder lookups: minecraft:worldgen/structure_placement
[217月2026 21:47:39.415] [main/DEBUG] [net.minecraftforge.registries.GameData/REGISTRIES]: Holder lookups applied: minecraft:worldgen/structure_placement
[217月2026 21:47:39.415] [main/DEBUG] [net.minecraftforge.registries.GameData/REGISTRIES]: Applying holder lookups: minecraft:worldgen/structure_piece
[217月2026 21:47:39.415] [main/DEBUG] [net.minecraftforge.registries.GameData/REGISTRIES]: Holder lookups applied: minecraft:worldgen/structure_piece
[217月2026 21:47:39.415] [main/DEBUG] [net.minecraftforge.registries.GameData/REGISTRIES]: Applying holder lookups: minecraft:worldgen/structure_type
[217月2026 21:47:39.416] [main/DEBUG] [net.minecraftforge.registries.GameData/REGISTRIES]: Holder lookups applied: minecraft:worldgen/structure_type
[217月2026 21:47:39.417] [main/DEBUG] [net.minecraftforge.registries.GameData/REGISTRIES]: Applying holder lookups: minecraft:worldgen/placement_modifier_type
[217月2026 21:47:39.418] [main/DEBUG] [net.minecraftforge.registries.GameData/REGISTRIES]: Holder lookups applied: minecraft:worldgen/placement_modifier_type
[217月2026 21:47:39.418] [main/DEBUG] [net.minecraftforge.registries.GameData/REGISTRIES]: Applying holder lookups: minecraft:worldgen/block_state_provider_type
[217月2026 21:47:39.418] [main/DEBUG] [net.minecraftforge.registries.GameData/REGISTRIES]: Holder lookups applied: minecraft:worldgen/block_state_provider_type
[217月2026 21:47:39.418] [main/DEBUG] [net.minecraftforge.registries.GameData/REGISTRIES]: Applying holder lookups: minecraft:worldgen/foliage_placer_type
[217月2026 21:47:39.419] [main/DEBUG] [net.minecraftforge.registries.GameData/REGISTRIES]: Holder lookups applied: minecraft:worldgen/foliage_placer_type
[217月2026 21:47:39.419] [main/DEBUG] [net.minecraftforge.registries.GameData/REGISTRIES]: Applying holder lookups: minecraft:worldgen/trunk_placer_type
[217月2026 21:47:39.419] [main/DEBUG] [net.minecraftforge.registries.GameData/REGISTRIES]: Holder lookups applied: minecraft:worldgen/trunk_placer_type
[217月2026 21:47:39.419] [main/DEBUG] [net.minecraftforge.registries.GameData/REGISTRIES]: Applying holder lookups: minecraft:worldgen/root_placer_type
[217月2026 21:47:39.420] [main/DEBUG] [net.minecraftforge.registries.GameData/REGISTRIES]: Holder lookups applied: minecraft:worldgen/root_placer_type
[217月2026 21:47:39.420] [main/DEBUG] [net.minecraftforge.registries.GameData/REGISTRIES]: Applying holder lookups: minecraft:worldgen/tree_decorator_type
[217月2026 21:47:39.420] [main/DEBUG] [net.minecraftforge.registries.GameData/REGISTRIES]: Holder lookups applied: minecraft:worldgen/tree_decorator_type
[217月2026 21:47:39.420] [main/DEBUG] [net.minecraftforge.registries.GameData/REGISTRIES]: Applying holder lookups: minecraft:worldgen/feature_size_type
[217月2026 21:47:39.421] [main/DEBUG] [net.minecraftforge.registries.GameData/REGISTRIES]: Holder lookups applied: minecraft:worldgen/feature_size_type
[217月2026 21:47:39.421] [main/DEBUG] [net.minecraftforge.registries.GameData/REGISTRIES]: Applying holder lookups: minecraft:worldgen/biome_source
[217月2026 21:47:39.421] [main/DEBUG] [net.minecraftforge.registries.GameData/REGISTRIES]: Holder lookups applied: minecraft:worldgen/biome_source
[217月2026 21:47:39.421] [main/DEBUG] [net.minecraftforge.registries.GameData/REGISTRIES]: Applying holder lookups: minecraft:worldgen/chunk_generator
[217月2026 21:47:39.422] [main/DEBUG] [net.minecraftforge.registries.GameData/REGISTRIES]: Holder lookups applied: minecraft:worldgen/chunk_generator
[217月2026 21:47:39.422] [main/DEBUG] [net.minecraftforge.registries.GameData/REGISTRIES]: Applying holder lookups: minecraft:worldgen/material_condition
[217月2026 21:47:39.422] [main/DEBUG] [net.minecraftforge.registries.GameData/REGISTRIES]: Holder lookups applied: minecraft:worldgen/material_condition
[217月2026 21:47:39.422] [main/DEBUG] [net.minecraftforge.registries.GameData/REGISTRIES]: Applying holder lookups: minecraft:worldgen/material_rule
[217月2026 21:47:39.423] [main/DEBUG] [net.minecraftforge.registries.GameData/REGISTRIES]: Holder lookups applied: minecraft:worldgen/material_rule
[217月2026 21:47:39.423] [main/DEBUG] [net.minecraftforge.registries.GameData/REGISTRIES]: Applying holder lookups: minecraft:worldgen/density_function_type
[217月2026 21:47:39.423] [main/DEBUG] [net.minecraftforge.registries.GameData/REGISTRIES]: Holder lookups applied: minecraft:worldgen/density_function_type
[217月2026 21:47:39.424] [main/DEBUG] [net.minecraftforge.registries.GameData/REGISTRIES]: Applying holder lookups: minecraft:worldgen/structure_pool_element
[217月2026 21:47:39.424] [main/DEBUG] [net.minecraftforge.registries.GameData/REGISTRIES]: Holder lookups applied: minecraft:worldgen/structure_pool_element
[217月2026 21:47:39.424] [main/DEBUG] [net.minecraftforge.registries.GameData/REGISTRIES]: Applying holder lookups: minecraft:cat_variant
[217月2026 21:47:39.425] [main/DEBUG] [net.minecraftforge.registries.GameData/REGISTRIES]: Holder lookups applied: minecraft:cat_variant
[217月2026 21:47:39.425] [main/DEBUG] [net.minecraftforge.registries.GameData/REGISTRIES]: Applying holder lookups: minecraft:frog_variant
[217月2026 21:47:39.425] [main/DEBUG] [net.minecraftforge.registries.GameData/REGISTRIES]: Holder lookups applied: minecraft:frog_variant
[217月2026 21:47:39.425] [main/DEBUG] [net.minecraftforge.registries.GameData/REGISTRIES]: Applying holder lookups: minecraft:banner_pattern
[217月2026 21:47:39.425] [main/DEBUG] [net.minecraftforge.registries.GameData/REGISTRIES]: Holder lookups applied: minecraft:banner_pattern
[217月2026 21:47:39.426] [main/DEBUG] [net.minecraftforge.registries.GameData/REGISTRIES]: Applying holder lookups: minecraft:instrument
[217月2026 21:47:39.426] [main/DEBUG] [net.minecraftforge.registries.GameData/REGISTRIES]: Holder lookups applied: minecraft:instrument
[217月2026 21:47:39.426] [main/DEBUG] [net.minecraftforge.registries.GameData/REGISTRIES]: Applying holder lookups: minecraft:decorated_pot_patterns
[217月2026 21:47:39.427] [main/DEBUG] [net.minecraftforge.registries.GameData/REGISTRIES]: Holder lookups applied: minecraft:decorated_pot_patterns
[217月2026 21:47:39.430] [main/DEBUG] [net.minecraftforge.registries.GameData/REGISTRIES]: Applying holder lookups: minecraft:creative_mode_tab
[217月2026 21:47:39.430] [main/DEBUG] [net.minecraftforge.registries.GameData/REGISTRIES]: Holder lookups applied: minecraft:creative_mode_tab
[217月2026 21:47:39.439] [main/DEBUG] [net.minecraftforge.registries.GameData/REGISTRIES]: Applying holder lookups: forge:biome_modifier_serializers
[217月2026 21:47:39.440] [main/DEBUG] [net.minecraftforge.registries.GameData/REGISTRIES]: Holder lookups applied: forge:biome_modifier_serializers
[217月2026 21:47:39.441] [main/DEBUG] [net.minecraftforge.registries.GameData/REGISTRIES]: Applying holder lookups: forge:display_contexts
[217月2026 21:47:39.441] [main/DEBUG] [net.minecraftforge.registries.GameData/REGISTRIES]: Holder lookups applied: forge:display_contexts
[217月2026 21:47:39.441] [main/DEBUG] [net.minecraftforge.registries.GameData/REGISTRIES]: Applying holder lookups: forge:entity_data_serializers
[217月2026 21:47:39.442] [main/DEBUG] [net.minecraftforge.registries.GameData/REGISTRIES]: Holder lookups applied: forge:entity_data_serializers
[217月2026 21:47:39.445] [main/DEBUG] [net.minecraftforge.registries.GameData/REGISTRIES]: Applying holder lookups: forge:fluid_type
[217月2026 21:47:39.445] [main/DEBUG] [net.minecraftforge.registries.GameData/REGISTRIES]: Holder lookups applied: forge:fluid_type
[217月2026 21:47:39.450] [main/DEBUG] [net.minecraftforge.registries.GameData/REGISTRIES]: Applying holder lookups: forge:global_loot_modifier_serializers
[217月2026 21:47:39.450] [main/DEBUG] [net.minecraftforge.registries.GameData/REGISTRIES]: Holder lookups applied: forge:global_loot_modifier_serializers
[217月2026 21:47:39.454] [main/DEBUG] [net.minecraftforge.registries.GameData/REGISTRIES]: Applying holder lookups: forge:holder_set_type
[217月2026 21:47:39.455] [main/DEBUG] [net.minecraftforge.registries.GameData/REGISTRIES]: Holder lookups applied: forge:holder_set_type
[217月2026 21:47:39.455] [main/DEBUG] [net.minecraftforge.registries.GameData/REGISTRIES]: Applying holder lookups: forge:structure_modifier_serializers
[217月2026 21:47:39.456] [main/DEBUG] [net.minecraftforge.registries.GameData/REGISTRIES]: Holder lookups applied: forge:structure_modifier_serializers
[217月2026 21:47:39.456] [main/DEBUG] [net.minecraftforge.registries.GameData/REGISTRIES]: Applying holder lookups: irons_spellbooks:schools
[217月2026 21:47:39.456] [main/DEBUG] [net.minecraftforge.registries.GameData/REGISTRIES]: Holder lookups applied: irons_spellbooks:schools
[217月2026 21:47:39.457] [main/DEBUG] [net.minecraftforge.registries.GameData/REGISTRIES]: Applying holder lookups: irons_spellbooks:spells
[217月2026 21:47:39.458] [main/DEBUG] [net.minecraftforge.registries.GameData/REGISTRIES]: Holder lookups applied: irons_spellbooks:spells
[217月2026 21:47:39.458] [main/DEBUG] [net.minecraftforge.registries.GameData/REGISTRIES]: Applying holder lookups: minecraft:worldgen/biome
[217月2026 21:47:39.458] [main/DEBUG] [net.minecraftforge.registries.GameData/REGISTRIES]: Holder lookups applied: minecraft:worldgen/biome
[217月2026 21:47:39.627] [main/WARN] [net.minecraft.server.packs.VanillaPackResourcesBuilder/]: Assets URL 'union:/C:/Users/Administrator/.gradle/caches/forge_gradle/minecraft_user_repo/net/minecraftforge/forge/1.20.1-47.4.10_mapped_official_1.20.1/forge-1.20.1-47.4.10_mapped_official_1.20.1-recomp.jar%23191!/assets/.mcassetsroot' uses unexpected schema
[217月2026 21:47:39.628] [main/WARN] [net.minecraft.server.packs.VanillaPackResourcesBuilder/]: Assets URL 'union:/C:/Users/Administrator/.gradle/caches/forge_gradle/minecraft_user_repo/net/minecraftforge/forge/1.20.1-47.4.10_mapped_official_1.20.1/forge-1.20.1-47.4.10_mapped_official_1.20.1-recomp.jar%23191!/data/.mcassetsroot' uses unexpected schema
[217月2026 21:47:39.803] [main/INFO] [net.minecraft.data.DataGenerator/]: All providers took: 0 ms
[217月2026 21:47:39.806] [main/INFO] [net.minecraft.data.HashCache/]: Caching: total files: 0, old count: 0, new count: 1, removed stale: 0, written: 0
